NAME,COUNTRY,ISO_CODE,ISO_CC,ADMINTYPE,COUNTRYAFF,CONTINENT,LAND_TYPE,Confirmed,Deaths,x,y,ObjectId
Hubei,China,https://3g.dxy.cn/newh5/view/pneumonia?scene=2&clicktime=1579582238&enterid=1579582238&from=singlemessage&isappinstalled=0,CN,Province,China,Asia,Primary land,67801,3187.0,112.2736941,30.98050703,1
New York,United States,https://www.worldometers.info/coronavirus/country/us/,United States,NY,United States,North America,Primary land,75795,1550.0,-75.694636,43.01675695,2
Lombardia,Italy,https://twitter.com/RvanderDonk1/status/1237108536011882498,IT,Region,Italy,Europe,Primary land,42161,6818.0,9.769320435,45.62513874,3
Madrid,Spain,https://www.rtve.es/noticias/20200304/mapa-del-coronavirus-espana/2004681.shtml,ES,Autonomous Community,Spain,Europe,Primary land,27509,3603.0,-3.715171823,40.49622965,4
Unknown Locations,Iran,https://twitter.com/AbasAslani/status/1237689626279776256,IR,Province,Iran,Asia,Primary land,22967,2603.0,51.82060189,35.59615277,5
Catalonia,Spain,https://www.rtve.es/noticias/20200304/mapa-del-coronavirus-espana/2004681.shtml,ES,Autonomous Community,Spain,Europe,Primary land,18773,1672.0,1.531778125,41.80435155,6
England,United Kingdom,https://www.gov.uk/guidance/coronavirus-covid-19-information-for-the-public,GB,Country,United Kingdom,Europe,Primary land,18594,1284.0,-1.46502298,52.65974006,7
New Jersey,United States,https://www.worldometers.info/coronavirus/country/us/,United States,NJ,United States,North America,Primary land,18696,267.0,-74.66956342,40.21276915,8
Bayern,Germany,https://interaktiv.morgenpost.de/corona-virus-karte-infektionen-deutschland-weltweit/?fbclid=IwAR04HlqzakGaNssQzbz4d8o8R3gz0C910U8tvfYlBT6P0lVJJvHfk9uS2rc,DE,State,Germany,Europe,Primary land,15505,191.0,11.41587036,48.9682316,9
Unknown Locations,France,,FR,Metropolitan Region,France,Europe,Primary land,15254,5.0,2.502781689,48.71103164,10
North Rhine-Westphalia,Germany,https://interaktiv.morgenpost.de/corona-virus-karte-infektionen-deutschland-weltweit/?fbclid=IwAR04HlqzakGaNssQzbz4d8o8R3gz0C910U8tvfYlBT6P0lVJJvHfk9uS2rc,DE,State,Germany,Europe,Primary land,15241,148.0,7.568105467,51.4888939,11
Emilia-Romagna,Italy,https://twitter.com/RvanderDonk1/status/1237108536011882498,IT,Region,Italy,Europe,Primary land,13531,1538.0,11.01602242,44.53775903,12
Asturias,Spain,https://www.rtve.es/noticias/20200304/mapa-del-coronavirus-espana/2004681.shtml,ES,Autonomous Community,Spain,Europe,Primary land,12361,55.0,-5.992742921,43.2927683,13
Baden-Wurttemberg,Germany,https://interaktiv.morgenpost.de/corona-virus-karte-infektionen-deutschland-weltweit/?fbclid=IwAR04HlqzakGaNssQzbz4d8o8R3gz0C910U8tvfYlBT6P0lVJJvHfk9uS2rc,DE,State,Germany,Europe,Primary land,12334,185.0,9.051430812,48.54925584,14
Ankara,Turkey,TR06,TR,Province,Turkey,Asia,Primary land,10827,168.0,32.62125957,39.81268448,15
Veneto,Italy,https://twitter.com/RvanderDonk1/status/1237108536011882498,IT,Region,Italy,Europe,Primary land,8724,413.0,11.8395023,45.67259809,16
Piemonte,Italy,https://twitter.com/RvanderDonk1/status/1237108536011882498,IT,Region,Italy,Europe,Primary land,8712,749.0,7.92341344,45.06778954,17
Vlaamse Gewest,Belgium,https://www.info-coronavirus.be/nl/2020/03/08/31-nieuwe-besmettingen-met-het-coronavirus-covid-19/,BE,Region,Belgium,Europe,Primary land,7769,354.0,4.235900196,51.03786719,18
Ile-de-France,France,https://www.bfmtv.com/sante/en-direct-coronavirus-test-stade-3-epidemie-ecoles-gel-masques-oise-haut-rhin-morts-contaminations/,FR,Metropolitan Region,France,Europe,Primary land,7660,807.0,2.502781689,48.71103164,19
California,United States,https://www.worldometers.info/coronavirus/country/us/,United States,CA,United States,North America,Primary land,7453,149.0,-119.6771753,37.38655147,20
Daegu,South Korea,http://ncov.mohw.go.kr/index_main.jsp,KR,Metropolitan City,South Korea,Asia,Primary land,6684,114.0,128.5692355,35.83474138,21
Michigan,United States,https://www.worldometers.info/coronavirus/country/us/,United States,MI,United States,North America,Primary land,6498,184.0,-85.76504084,44.95427893,22
Castilla-La Mancha,Spain,https://www.rtve.es/noticias/20200304/mapa-del-coronavirus-espana/2004681.shtml,ES,Autonomous Community,Spain,Europe,Primary land,6424,708.0,-3.003776738,39.59365086,23
Basque Country,Spain,https://www.rtve.es/noticias/20200304/mapa-del-coronavirus-espana/2004681.shtml,ES,Autonomous Community,Spain,Europe,Primary land,6320,325.0,-2.616197965,43.04338322,24
Castilla y Leon,Spain,https://www.rtve.es/noticias/20200304/mapa-del-coronavirus-espana/2004681.shtml,ES,Autonomous Community,Spain,Europe,Primary land,6211,516.0,-4.779718158,41.76805701,25
Andalucia,Spain,https://www.rtve.es/noticias/20200304/mapa-del-coronavirus-espana/2004681.shtml,ES,Autonomous Community,Spain,Europe,Primary land,5818,248.0,-4.571509753,37.46921885,26
Massachusetts,United States,https://www.worldometers.info/coronavirus/country/us/,United States,MA,United States,North America,Primary land,5752,56.0,-71.9238274,42.30692506,27
Florida,United States,https://www.worldometers.info/coronavirus/country/us/,United States,FL,United States,North America,Primary land,6338,77.0,-81.444936,27.92,28
Valenciana,Spain,https://www.rtve.es/noticias/20200304/mapa-del-coronavirus-espana/2004681.shtml,ES,Autonomous Community,Spain,Europe,Primary land,5508,339.0,-0.553450964,39.41266159,29
Grand Est,France,https://www.bfmtv.com/sante/en-direct-coronavirus-test-stade-3-epidemie-ecoles-gel-masques-oise-haut-rhin-morts-contaminations/,FR,Metropolitan Region,France,Europe,Primary land,5479,815.0,6.136959554,48.7671918,30
Tehran,Iran,https://en.irna.ir/,IR,Province,Iran,Asia,Primary land,5098,76.0,51.82060189,35.59615277,31
Illinois,United States,https://www.worldometers.info/coronavirus/country/us/,United States,IL,United States,North America,Primary land,5056,73.0,-89.14784153,40.16609435,32
Washington,United States,https://www.worldometers.info/coronavirus/country/us/,United States,WA,United States,North America,Primary land,4896,202.0,-120.4171301,47.39759534,33
Porto,Portugal,https://www.jn.pt/nacional/dois-casos-positivos-de-coronavirus-no-porto-11876530.html,PT,District,Portugal,Europe,Primary land,4452,48.0,-8.348623121,41.22350744,34
Tuscany,Italy,https://twitter.com/RvanderDonk1/status/1237108536011882498,IT,Region,Italy,Europe,Primary land,4412,231.0,11.13559646,43.46459139,35
Niedersachsen,Germany,https://interaktiv.morgenpost.de/corona-virus-karte-infektionen-deutschland-weltweit/?fbclid=IwAR04HlqzakGaNssQzbz4d8o8R3gz0C910U8tvfYlBT6P0lVJJvHfk9uS2rc,DE,State,Germany,Europe,Primary land,4348,43.0,9.152303475,52.77107456,36
Pennsylvania,United States,https://www.worldometers.info/coronavirus/country/us/,United States,PA,United States,North America,Primary land,4843,63.0,-77.84325512,40.90844972,37
Galicia,Spain,https://www.rtve.es/noticias/20200304/mapa-del-coronavirus-espana/2004681.shtml,ES,Autonomous Community,Spain,Europe,Primary land,4039,84.0,-7.910531576,42.76268834,38
Louisiana,United States,https://www.worldometers.info/coronavirus/country/us/,United States,LA,United States,North America,Primary land,4025,185.0,-92.20374773,31.26773945,39
Marche,Italy,https://twitter.com/RvanderDonk1/status/1237108536011882498,IT,Region,Italy,Europe,Primary land,3684,417.0,13.10572811,43.36781057,40
Wallonne,Belgium,https://www.info-coronavirus.be/nl/2020/03/08/31-nieuwe-besmettingen-met-het-coronavirus-covid-19/,BE,Region,Belgium,Europe,Primary land,3554,182.0,5.01033651,50.31767929,41
Quebec,Canada,https://www.canada.ca/en/public-health/services/diseases/2019-novel-coronavirus-infection.html,CA,Province,Canada,North America,Primary land,3430,25.0,-71.83707229,54.10693509,42
Noord-Brabant,Netherlands,https://www.rivm.nl/nieuws/actuele-informatie-over-coronavirus,NL,Province,Netherlands,Europe,Primary land,3412,22.0,5.205443165,51.54932819,43
Hessen,Germany,https://interaktiv.morgenpost.de/corona-virus-karte-infektionen-deutschland-weltweit/?fbclid=IwAR04HlqzakGaNssQzbz4d8o8R3gz0C910U8tvfYlBT6P0lVJJvHfk9uS2rc,DE,State,Germany,Europe,Primary land,3301,18.0,9.034552095,50.61250753,44
Liguria,Italy,https://twitter.com/RvanderDonk1/status/1237108536011882498,IT,Region,Italy,Europe,Primary land,3217,397.0,8.855,44.479,45
Texas,United States,https://www.worldometers.info/coronavirus/country/us/,United States,TX,United States,North America,Primary land,3186,47.0,-99.37686501,31.57511639,46
Vaud,Switzerland,https://www.swissinfo.ch/eng/covid-19_switzerland-confirms-second-coronavirus-case/45582788?utm_content=o&utm_campaign=own-posts&utm_medium=socialflow&utm_source=twitter,CH,Canton,Switzerland,Europe,Primary land,3168,66.0,6.659354376,46.57239198,47
Georgia,United States,https://www.worldometers.info/coronavirus/country/us/,United States,GA,United States,North America,Primary land,3817,108.0,-83.46673518,32.68226652,48
Trento & Bolzano,Italy,https://twitter.com/RvanderDonk1/status/1237108536011882498,IT,Autonomous Region,Italy,Europe,Primary land,3007,221.0,11.28447556,46.44513655,49
Lazio,Italy,https://twitter.com/RvanderDonk1/status/1237108536011882498,IT,Region,Italy,Europe,Primary land,2914,150.0,12.76533094,41.98391615,50
Rheinland-Pfalz,Germany,https://interaktiv.morgenpost.de/corona-virus-karte-infektionen-deutschland-weltweit/?fbclid=IwAR04HlqzakGaNssQzbz4d8o8R3gz0C910U8tvfYlBT6P0lVJJvHfk9uS2rc,DE,State,Germany,Europe,Primary land,2839,22.0,7.447909716,49.92059596,51
Unknown Locations,Denmark,https://www.thelocal.dk/20200310/denmark-bans-flights-from-northern-italy-coronavirus-infections-rises-to-156,DK,Region,Denmark,Europe,Very small island,2812,87.0,10.45275513,56.01615098,52
Connecticut,United States,https://www.worldometers.info/coronavirus/country/us/,United States,CT,United States,North America,Primary land,2627,51.0,-72.72645216,41.62394305,53
Colorado,United States,https://www.worldometers.info/coronavirus/country/us/,United States,CO,United States,North America,Primary land,2627,51.0,-105.5479732,39.02688423,54
Berlin,Germany,https://interaktiv.morgenpost.de/corona-virus-karte-infektionen-deutschland-weltweit/?fbclid=IwAR04HlqzakGaNssQzbz4d8o8R3gz0C910U8tvfYlBT6P0lVJJvHfk9uS2rc,DE,State,Germany,Europe,Primary land,2581,13.0,13.39853005,52.50061305,55
Geneva,Switzerland,https://www.swissinfo.ch/eng/covid-19_switzerland-confirms-second-coronavirus-case/45582788?utm_content=o&utm_campaign=own-posts&utm_medium=socialflow&utm_source=twitter,CH,Canton,Switzerland,Europe,Primary land,2375,42.0,6.130282379,46.22129718,56
Tyrol,Austria,https://www.sozialministerium.at/Informationen-zum-Coronavirus/Neuartiges-Coronavirus-(2019-nCov).html,AT,State,Austria,Europe,Primary land,2323,19.0,11.50231656,47.19654779,57
Navarra,Spain,https://www.rtve.es/noticias/20200304/mapa-del-coronavirus-espana/2004681.shtml,ES,Autonomous Community,Spain,Europe,Primary land,2305,113.0,-1.644277004,42.66991486,58
Hamburg,Germany,https://interaktiv.morgenpost.de/corona-virus-karte-infektionen-deutschland-weltweit/?fbclid=IwAR04HlqzakGaNssQzbz4d8o8R3gz0C910U8tvfYlBT6P0lVJJvHfk9uS2rc,DE,State,Germany,Europe,Primary land,2290,9.0,10.02957961,53.54860261,59
Aragon,Spain,https://www.rtve.es/noticias/20200304/mapa-del-coronavirus-espana/2004681.shtml,ES,Autonomous Community,Spain,Europe,Primary land,2272,138.0,-0.657097165,41.53171331,60
Rhone-Alpes,France,https://www.bfmtv.com/sante/en-direct-coronavirus-test-stade-3-epidemie-ecoles-gel-masques-oise-haut-rhin-morts-contaminations/,FR,Metropolitan Region,France,Europe,Primary land,2093,227.0,5.34279344,45.44452786,61
Ticino,Switzerland,https://www.swissinfo.ch/eng/covid-19_switzerland-confirms-second-coronavirus-case/45582788?utm_content=o&utm_campaign=own-posts&utm_medium=socialflow&utm_source=twitter,CH,Canton,Switzerland,Europe,Primary land,2091,120.0,8.809119599,46.29726994,62
National Capital Region,Philippines,https://twitter.com/WHOPhilippines/status/1236935944491511819,PH,Province,Philippines,Asia,Primary land,2084,88.0,121.0481962,14.56780933,63
Saxony,Germany,https://interaktiv.morgenpost.de/corona-virus-karte-infektionen-deutschland-weltweit/?fbclid=IwAR04HlqzakGaNssQzbz4d8o8R3gz0C910U8tvfYlBT6P0lVJJvHfk9uS2rc,DE,State,Germany,Europe,Primary land,2084,13.0,13.34952919,51.05397159,64
New South Wales,Australia,https://www.health.gov.au/news/health-alerts/novel-coronavirus-2019-ncov-health-alert,AU,State,Australia,Australia,Primary land,2032,7.0,146.9996757,-32.23804363,65
Luxembourg,Luxembourg,https://www.sudinfo.be/id170416/article/2020-02-29/un-premier-cas-de-coronavirus-confirme-au-luxembourg-il-transite-charleroi,LU,District,Luxembourg,Europe,Primary land,1988,22.0,6.100486726,49.6221961,66
Ontario,Canada,https://www.canada.ca/en/public-health/services/diseases/2019-novel-coronavirus-infection.html,CA,Province,Canada,North America,Primary land,1985,36.0,-86.014189,50.41643847,67
Stockholms,Sweden,https://www.svd.se/tre-nya-fall-i-orebro--en-smittad-i-usa,SE,L?n,Sweden,Europe,Primary land,1979,103.0,18.117565,59.48122278,68
Esfahan,Iran,https://en.irna.ir/,IR,Province,Iran,Asia,Primary land,1979,22.0,52.53385567,33.22320317,69
Campania,Italy,https://twitter.com/RvanderDonk1/status/1237108536011882498,IT,Region,Italy,Europe,Primary land,1952,125.0,14.85362208,40.85823235,70
South-Holland,Netherlands,https://www.rivm.nl/nieuws/actuele-informatie-over-coronavirus,NL,Province,Netherlands,Europe,Primary land,1949,1.0,4.543654683,51.98852852,71
Ohio,United States,https://www.worldometers.info/coronavirus/country/us/,United States,OH,United States,North America,Primary land,1933,39.0,-82.70557769,40.43348178,72
Tennessee,United States,https://www.worldometers.info/coronavirus/country/us/,United States,TN,United States,North America,Primary land,2026,13.0,-86.33952838,35.84709266,73
Cote d'Azur,France,https://www.bfmtv.com/sante/en-direct-coronavirus-test-stade-3-epidemie-ecoles-gel-masques-oise-haut-rhin-morts-contaminations/,FR,Metropolitan Region,France,Europe,Primary land,1927,65.0,6.062530966,43.96456787,74
Zurich,Switzerland,https://www.swissinfo.ch/eng/covid-19_switzerland-confirms-second-coronavirus-case/45582788?utm_content=o&utm_campaign=own-posts&utm_medium=socialflow&utm_source=twitter,CH,Canton,Switzerland,Europe,Primary land,1874,21.0,8.65525944,47.41480444,75
North-Holland,Netherlands,https://www.rivm.nl/nieuws/actuele-informatie-over-coronavirus,NL,Province,Netherlands,Europe,Primary land,1845,0.0,4.874793433,52.55801353,76
La Rioja,Spain,https://www.rtve.es/noticias/20200304/mapa-del-coronavirus-espana/2004681.shtml,ES,Autonomous Community,Spain,Europe,Primary land,1810,85.0,-2.516356273,42.27565392,77
Lisboa,Portugal,https://tvi24.iol.pt/sociedade/coronavirus/primeira-mulher-infetada-com-covid-19-em-portugal,PT,District,Portugal,Europe,Primary land,1799,17.0,-9.170066907,39.00174104,78
Indiana,United States,https://www.worldometers.info/coronavirus/country/us/,United States,IN,United States,North America,Primary land,2159,49.0,-86.27918314,39.94512423,79
Hauts-de-France,France,https://www.bfmtv.com/sante/en-direct-coronavirus-test-stade-3-epidemie-ecoles-gel-masques-oise-haut-rhin-morts-contaminations/,FR,Metropolitan Region,France,Europe,Primary land,1753,211.0,2.711771625,50.47572511,80
Puglia,Italy,https://twitter.com/RvanderDonk1/status/1237108536011882498,IT,Region,Italy,Europe,Primary land,1712,91.0,16.61674434,40.99032196,81
Mazandaran,Iran,https://en.irna.ir/,IR,Province,Iran,Asia,Primary land,1700,39.0,52.49453259,36.37816762,82
Extremadura,Spain,https://www.rtve.es/noticias/20200304/mapa-del-coronavirus-espana/2004681.shtml,ES,Autonomous Community,Spain,Europe,Primary land,1628,133.0,-6.149241516,39.19933258,83
Unknown Locations,Israel,https://www.jpost.com/Breaking-News/Israel-confirms-three-m-more-cases-of-coronavirus-619446,IL,District,Israel,Asia,Primary land,1616,17.0,34.80896847,32.08449339,84
Niederosterreich,Austria,https://www.sozialministerium.at/Informationen-zum-Coronavirus/Neuartiges-Coronavirus-(2019-nCov).html,AT,State,Austria,Europe,Primary land,1616,28.0,15.75119197,48.27578293,85
Moskva,Russian Federation,https://ria.ru/20200302/1566843474.html,RU,Federal City,Russian Federation,Europe,Primary land,1613,11.0,37.5822701,55.75167733,86
Obersterreich,Austria,https://www.sozialministerium.at/Informationen-zum-Coronavirus/Neuartiges-Coronavirus-(2019-nCov).html,AT,State,Austria,Europe,Primary land,1596,10.0,13.96567959,48.13910563,87
Bourgogne,France,https://www.bfmtv.com/sante/en-direct-coronavirus-test-stade-3-epidemie-ecoles-gel-masques-oise-haut-rhin-morts-contaminations/,FR,Metropolitan Region,France,Europe,Primary land,1569,164.0,4.147162092,47.25422272,88
Scotland,United Kingdom,https://www.gov.uk/guidance/coronavirus-covid-19-information-for-the-public,GB,Country,United Kingdom,Europe,Primary land,1563,41.0,-4.021895718,56.72495216,89
Unknown Locations,Saudi Arabia,https://twitter.com/SaudiMOH/status/1236579629420380161,SA,Emirate,Saudi Arabia,Asia,Very small island,1556,10.0,38.30178044,23.84045671,90
Sicily,Italy,https://twitter.com/RvanderDonk1/status/1237108536011882498,IT,Autonomous Region,Italy,Europe,Primary land,1555,76.0,14.15454888,37.59013754,91
Sao Paulo,Brazil,https://twitter.com/minsaude/status/1236423393362264065,BR,State,Brazil,South America,Primary land,1548,115.0,-48.73238062,-22.27036239,92
Friuli-Venezia Giulia,Italy,https://twitter.com/RvanderDonk1/status/1237108536011882498,IT,Autonomous Region,Italy,Europe,Primary land,1501,107.0,13.05192689,46.16045443,93
Guangdong,China,https://3g.dxy.cn/newh5/view/pneumonia?scene=2&clicktime=1579582238&enterid=1579582238&from=singlemessage&isappinstalled=0,CN,Province,China,Asia,Primary land,1494,8.0,113.4216452,23.37890599,94
Gelderland,Netherlands,https://www.rivm.nl/nieuws/actuele-informatie-over-coronavirus,NL,Province,Netherlands,Europe,Primary land,1475,0.0,5.943601597,52.06530733,95
Bruxelles-Capitale,Belgium,https://www.info-coronavirus.be/nl/2020/03/08/31-nieuwe-besmettingen-met-het-coronavirus-covid-19/,BE,Capital Region,Belgium,Europe,Primary land,1452,169.0,4.370416607,50.83578502,96
Wales,United Kingdom,https://www.gov.uk/guidance/coronavirus-covid-19-information-for-the-public,GB,Principality,United Kingdom,Europe,Primary land,1451,62.0,-3.742033774,52.31037317,97
Unknown Locations,Germany,DESH,DE,State,Germany,Europe,Primary land,1449,,11.0,52.0,98
Limburg,Netherlands,https://www.rivm.nl/nieuws/actuele-informatie-over-coronavirus,NL,Province,Netherlands,Europe,Primary land,1426,1.0,5.935030355,51.2108495,99
Maryland,United States,https://www.worldometers.info/coronavirus/country/us/,United States,MD,United States,North America,Primary land,1660,18.0,-76.80957751,39.06216274,100
Cuvette-Ouest,Congo,CG15,CG,Department,Congo,Africa,Primary land,19,0.0,14.67802208,0.01403102,101
Corrientes,Argentina,ARW,AR,Province,Argentina,South America,Primary land,19,0.0,-57.8076915,-28.78722448,102
Durres,Albania,AL2,AL,County,Albania,Europe,Primary land,19,1.0,19.64707638,41.44655857,103
Kosicky kraj,Slovakia,SKKI,SK,Region,Slovakia,Europe,Primary land,18,0.0,21.26603932,48.69765007,104
Uthuru,Maldives,https://en.sun.mv/58602,MV,Administrative Atoll,Maldives,Asia,Small island,18,0.0,73.31425386,5.609636851,105
Gunma,Japan,JP10,JP,Prefecture,Japan,Asia,Primary land,18,1.0,138.9795857,36.50903186,106
Andhra Pradesh,India,INAP,IN,State,India,Asia,Primary land,18,0.0,79.94046302,15.75262831,107
West Bengal,India,INWB,IN,State,India,Asia,Primary land,18,1.0,87.95569247,23.93757892,108
Kanta-Hame,Finland,https://thl.fi/fi/-/suomessa-on-todettu-viisi-uutta-koronavirustartuntaa?redirect=%2Ffi%2F,FI,Region,Finland,Europe,Primary land,18,0.0,24.35283784,60.92327321,109
Djibouti,Djibouti,http://french.xinhuanet.com/afrique/2020-03/18/c_138891198.htm,DJ,City,Djibouti,Africa,Primary land,18,0.0,43.05382534,11.56630298,110
Qinghai,China,https://3g.dxy.cn/newh5/view/pneumonia?scene=2&clicktime=1579582238&enterid=1579582238&from=singlemessage&isappinstalled=0,CN,Province,China,Asia,Primary land,18,0.0,96.03983675,35.83275453,111
Prince Edward Island,Canada,CAPE,CA,Province,Canada,North America,Medium island,18,0.0,-63.24522232,46.39153039,112
Mato Grosso,Brazil,https://twitter.com/minsaude/status/1236423393362264065,BR,State,Brazil,South America,Primary land,18,0.0,-55.90826902,-12.98147783,113
Cochabamba,Bolivia,BOC,BO,Department,Bolivia,South America,Primary land,18,0.0,-65.58681156,-17.2143759,114
Metlika,Slovenia,https://en.wikipedia.org/wiki/2020_coronavirus_outbreak_in_Slovenia,SI,Municipality,Slovenia,Europe,Primary land,17,0.0,15.30058233,45.65695494,115
Krasnodyarskiy,Russian Federation,RUKDA,RU,Kray,Russian Federation,Europe,Primary land,17,0.0,39.45902912,45.28519355,116
Cusco,Peru,PECUS,PE,Region,Peru,South America,Primary land,17,0.0,-72.1809381,-13.15619566,117
Otago,New Zealand,NZOTA,NZ,Region,New Zealand,Oceania,Primary land,17,0.0,169.5406876,-45.27934175,118
Gharb-Chrarda-Beni Hssen,Morocco,MA02,MA,Region,Morocco,Africa,Primary land,17,1.0,-5.950827655,34.50940568,119
Hidalgo,Mexico,MXHID,MX,State,Mexico,North America,Primary land,17,2.0,-98.88800487,20.47358513,120
Michoac?n,Mexico,MXMIC,MX,State,Mexico,North America,Primary land,17,1.0,-101.8821122,19.20767301,121
Sonora,Mexico,MXSON,MX,State,Mexico,North America,Primary land,17,0.0,-110.7914862,29.7247022,122
Wakayama,Japan,https://www3.nhk.or.jp/news/html/20200304/k10012312901000.html,JP,Prefecture,Japan,Asia,Primary land,17,1.0,135.5040244,33.91440738,123
Montana,Bulgaria,BG12,BG,Region,Bulgaria,Europe,Primary land,17,0.0,23.2026704,43.50067743,124
Varna,Bulgaria,BG03,BG,Region,Bulgaria,Europe,Primary land,17,0.0,27.58854127,43.1872904,125
Alagoas,Brazil,https://veja.abril.com.br/saude/brasil-passa-de-121-para-176-casos-de-coronavirus-confirmados/,BR,State,Brazil,South America,Primary land,17,0.0,-36.62684365,-9.511814979,126
Aragua,Venezuela,VED,VE,State,Venezuela,South America,Primary land,16,1.0,-67.15971345,10.01449783,127
Brasov,Romania,ROBV,RO,Department,Romania,Europe,Primary land,16,0.0,25.30205635,45.76535523,128
Jerusalem,Palestinian Territory,PSJEM,PS,Territory,Palestinian Territory,Asia,Primary land,16,1.0,35.28657239,31.7985737,129
Ibaraki,Japan,JP08,JP,Prefecture,Japan,Asia,Primary land,16,0.0,140.3146648,36.31460363,130
Haryana,India,https://pib.gov.in/PressReleseDetail.aspx?PRID=1605744,IN,State,India,Asia,Primary land,16,0.0,76.34043839,29.21208701,131
Conakry,Guinea,https://www.reuters.com/article/us-health-coronavirus-guinea/eu-employee-tests-positive-for-coronavirus-in-guineas-first-case-idUSKBN2101YW,GN,Region,Guinea,Africa,Primary land,16,0.0,-13.64339883,9.577444694,132
Estuaire,Gabon,https://www.reuters.com/article/us-health-coronavirus-ghana-gabon/ghana-and-gabon-confirm-first-cases-of-coronavirus-idUSKBN20Z3X9,GA,Province,Gabon,Africa,Primary land,16,1.0,10.03856074,0.30391835,133
San Pedro de Macor?s,Dominican Republic,DO23,DO,Province,Dominican Republic,North America,Primary land,16,2.0,-69.36136511,18.55030092,134
Puerto Plata,Dominican Republic,DO18,DO,Province,Dominican Republic,North America,Primary land,16,0.0,-70.79724964,19.74729408,135
Quind?o,Colombia,COQUI,CO,Department,Colombia,South America,Primary land,16,0.0,-75.68046289,4.482373377,136
Norte de Santander,Colombia,CONSA,CO,Department,Colombia,South America,Primary land,16,0.0,-72.8666266,8.087751292,137
Sergipe,Brazil,BRSE,BR,State,Brazil,South America,Primary land,16,0.0,-37.44305008,-10.5829268,138
Roraima,Brazil,BRRR,BR,State,Brazil,South America,Primary land,16,0.0,-61.41079283,2.06617082,139
Piau?,Brazil,BRPI,BR,State,Brazil,South America,Primary land,16,1.0,-42.98710787,-7.413728658,140
Oran,Algeria,http://covid19.sante.gov.dz/carte/,DZ,Province,Algeria,Africa,Primary land,16,0.0,-0.568421216,35.64001411,141
Respublika Krym,Ukraine,UA43,UA,Autonomous Republic,Ukraine,Europe,Primary land,15,0.0,34.35351286,45.31929269,142
Banskobystricky kraj,Slovakia,SKBC,SK,Region,Slovakia,Europe,Primary land,15,0.0,19.50409252,48.51685624,143
Sakha,Russian Federation,RUSA,RU,Republic,Russian Federation,Asia,Primary land,15,0.0,130.1981609,66.85724941,144
Samarskaya,Russian Federation,RUSAM,RU,Oblast,Russian Federation,Europe,Primary land,15,0.0,50.46384306,53.29140556,145
Maramures,Romania,https://www.romania-insider.com/two-more-coronavirus-cases-romania,RO,Department,Romania,Europe,Primary land,15,0.0,23.97425031,47.66350906,146
Arequipa,Peru,PEARE,PE,Region,Peru,South America,Primary land,15,0.0,-72.46959904,-15.84490073,147
Souss-Massa-Dr?a,Morocco,MA13,MA,Region,Morocco,Africa,Primary land,15,2.0,-7.452409785,30.49917218,148
HaDarom,Israel,https://www.jpost.com/Breaking-News/Israel-confirms-three-m-more-cases-of-coronavirus-619446,IL,District,Israel,Asia,Primary land,15,0.0,34.86920794,30.84064797,149
Centre,Haiti,https://www.france24.com/en/20200320-haiti-reports-first-two-coronavirus-cases,HT,Department,Haiti,North America,Primary land,15,0.0,-71.98447637,19.00992899,150
New Caledonia,New Caledonia,FRNC,FR,Overseas Territorial Collectivity,France,Oceania,Large island,15,0.0,165.4916701,-21.32974975,151
Saint Martin,Saint Martin,FRMF,FR,Overseas Territorial Collectivity,France,North America,Primary land,15,1.0,-63.06237276,18.07828003,152
Lappi,Finland,https://thl.fi/fi/-/suomessa-on-todettu-viisi-uutta-koronavirustartuntaa?redirect=%2Ffi%2F,FI,Region,Finland,Europe,Primary land,15,0.0,26.32776554,67.80983441,153
Anseba,Eritrea,ERAN,ER,Region,Eritrea,Africa,Primary land,15,0.0,37.80771862,16.44581291,154
Chimborazo,Ecuador,https://www.salud.gob.ec/actualizacion-de-casos-de-coronavirus-en-ecuador/,EC,Province,Ecuador,South America,Primary land,15,0.0,-78.72330377,-1.935857301,155
Loja,Ecuador,https://www.salud.gob.ec/actualizacion-de-casos-de-coronavirus-en-ecuador/,EC,Province,Ecuador,South America,Primary land,15,0.0,-79.65931834,-4.092197078,156
Santo Domingo de los Ts?chilas,Ecuador,https://www.salud.gob.ec/actualizacion-de-casos-de-coronavirus-en-ecuador/,EC,Province,Ecuador,South America,Primary land,15,0.0,-79.17175743,-0.303345522,157
Espaillat,Dominican Republic,DO09,DO,Province,Dominican Republic,North America,Primary land,15,0.0,-70.38908379,19.5338964,158
La Romana,Dominican Republic,DO12,DO,Province,Dominican Republic,North America,Primary land,15,0.0,-68.97258746,18.50709376,159
Caldas,Colombia,COCAL,CO,Department,Colombia,South America,Primary land,15,0.0,-75.30244827,5.349045611,160
Kampong Chaam,Cambodia,KH3,KH,Province,Cambodia,Asia,Primary land,15,0.0,105.5919675,12.02910523,161
Para?ba,Brazil,BRPB,BR,State,Brazil,South America,Primary land,15,0.0,-36.82803772,-7.120433932,162
Vitsyebskaya,Belarus,https://www.sb.by/articles/chislo-zarazivshikhsya-novym-koronovirusom-vyroslo-v-belarusi-do-shesti.html,BY,Oblast,Belarus,Europe,Primary land,15,0.0,28.93265577,55.22664128,163
Northern Territory,Australia,http://mediareleases.nt.gov.au/mediaRelease/32050,AU,Territory,Australia,Australia,Primary land,15,0.0,133.3705753,-19.62575248,164
Tucum?n,Argentina,ART,AR,Province,Argentina,South America,Primary land,15,0.0,-65.36827407,-26.95524259,165
Tizi Ouzou,Algeria,http://covid19.sante.gov.dz/carte/,DZ,Province,Algeria,Africa,Primary land,15,4.0,4.290394507,36.66033533,166
Pathum Thani,Thailand,TH13,TH,Province,Thailand,Asia,Primary land,14,0.0,100.6790674,14.06330637,167
Appenzell Innerrhoden,Switzerland,https://www.swissinfo.ch/eng/covid-19_switzerland-confirms-second-coronavirus-case/45582788?utm_content=o&utm_campaign=own-posts&utm_medium=socialflow&utm_source=twitter,CH,Canton,Switzerland,Europe,Primary land,14,0.0,9.418490937,47.32014766,168
_alec,Slovenia,SI190,SI,Municipality,Slovenia,Europe,Primary land,14,0.0,15.16518228,46.25306398,169
Krasnoyarskiy,Russian Federation,RUKYA,RU,Kray,Russian Federation,Asia,Primary land,14,0.0,96.42313146,69.78550394,170
Chelyabinskaya,Russian Federation,RUCHE,RU,Oblast,Russian Federation,Asia,Primary land,14,0.0,60.39918661,54.4889584,171
Leningradskaya,Russian Federation,RULEN,RU,Oblast,Russian Federation,Europe,Primary land,14,0.0,31.74094879,59.95634646,172
Ilfov,Romania,ROIF,RO,Department,Romania,Europe,Primary land,14,0.0,26.1211903,44.52788694,173
D?mbovita,Romania,RODB,RO,Department,Romania,Europe,Primary land,14,0.0,25.48554129,44.86582326,174
Stip,North Macedonia,MK83,MK,Municipality,North Macedonia,Europe,Primary land,14,0.0,22.14147298,41.69383863,175
Oaxaca,Mexico,MXOAX,MX,State,Mexico,North America,Primary land,14,1.0,-96.46838671,16.97379988,176
Koti,Japan,https://www3.nhk.or.jp/news/html/20200304/k10012312901000.html,JP,Prefecture,Japan,Asia,Primary land,14,0.0,133.3684269,33.42686602,177
HaZafon,Israel,https://www.jpost.com/Breaking-News/Israel-confirms-three-m-more-cases-of-coronavirus-619446,IL,District,Israel,Asia,Primary land,14,0.0,35.3800021,32.81698601,178
Col?n,Honduras,HNCL,HN,Department,Honduras,North America,Primary land,14,0.0,-85.61452614,15.64704563,179
Etela-Savo,Finland,https://korona.kans.io/,FI,Region,Finland,Europe,Primary land,14,0.0,27.85940003,61.90065923,180
Bol?var,Ecuador,https://www.salud.gob.ec/actualizacion-de-casos-de-coronavirus-en-ecuador/,EC,Province,Ecuador,South America,Primary land,14,0.0,-79.09404683,-1.581877266,181
Sisacko-moslavacka,Croatia,https://www.koronavirus.hr/en,HR,County,Croatia,Europe,Primary land,14,0.0,16.37801678,45.38054401,182
Burgas,Bulgaria,BG02,BG,Region,Bulgaria,Europe,Primary land,14,0.0,27.30278628,42.50847394,183
New Providence,Bahamas,http://www.loopnewsbarbados.com/content/bahamas-first-confirmed-coronavirus-patient-has-no-travel-history,BS,District,Bahamas,North America,Small island,14,0.0,-77.39645453,25.03419625,184
Korca,Albania,AL6,AL,County,Albania,Europe,Primary land,14,0.0,20.67398151,40.63554535,185
Dubai,United Arab Emirates,https://wam.ae/en/details/1395302829607,AE,Emirate,United Arab Emirates,Asia,Primary land,13,0.0,55.38011895,24.94067157,186
Zaporiz'ka,Ukraine,UA23,UA,Province,Ukraine,Europe,Primary land,13,0.0,35.70093404,47.27482441,187
Rivnens'ka,Ukraine,UA56,UA,Province,Ukraine,Europe,Primary land,13,2.0,26.39567696,51.04759485,188
Chai Nat,Thailand,TH18,TH,Province,Thailand,Asia,Primary land,13,0.0,100.0228303,15.13388382,189
Jeonbuk,South Korea,http://ncov.mohw.go.kr/index_main.jsp,KR,Province,South Korea,Asia,Primary land,13,0.0,127.152145,35.71528728,190
Permskiy,Russian Federation,RUPER,RU,Kray,Russian Federation,Europe,Primary land,13,0.0,56.22909131,59.20056742,191
Dagestan,Russian Federation,RUDA,RU,Republic,Russian Federation,Europe,Primary land,13,0.0,46.86458532,43.07476145,192
La Libertad,Peru,PELAL,PE,Region,Peru,South America,Primary land,13,0.0,-78.32542986,-7.957146253,193
Jun?n,Peru,PEJUN,PE,Region,Peru,South America,Primary land,13,0.0,-74.8786638,-11.51639671,194
Ramallah,Palestinian Territory,PSRBH,PS,Territory,Palestinian Territory,Asia,Primary land,13,0.0,35.19386975,31.95284906,195
Guerrero,Mexico,MXGRO,MX,State,Mexico,North America,Primary land,13,0.0,-99.92510774,17.67461659,196
Hukui,Japan,JP18,JP,Prefecture,Japan,Asia,Primary land,13,0.0,136.2232566,35.85094436,197
Dytiki Ellada,Greece,https://www.moh.gov.gr/articles/ministry/grafeio-typoy/press-releases/6793-anakoinwsh-21-newn-kroysmatwn-sars-cov-2,GR,Region,Greece,Europe,Primary land,13,0.0,21.57296691,38.28867266,198
Repartriated,Canada,https://www.tvanouvelles.ca/2020/03/17/en-direct--les-derniers-developpements-sur-le-coronavirus,CA,Territory,Canada,North America,Primary land,13,0.0,-86.014189,50.41643847,199
La Paz,Bolivia,BOL,BO,Department,Bolivia,South America,Primary land,13,2.0,-68.13002991,-15.25048289,200
Lubuskie,Poland,https://twitter.com/MZ_GOV_PL/status/1236731347571478531,PL,Province,Poland,Europe,Primary land,36,0.0,15.34470831,52.19102129,201
Kingston,Jamaica,JM01,JM,Parish,Jamaica,North America,Primary land,36,1.0,-76.76650869,17.97163592,202
Punjab,India,https://pib.gov.in/PressReleseDetail.aspx?PRID=1605744,IN,State,India,Asia,Primary land,36,1.0,75.40522191,30.84332767,203
Guatemala,Guatemala,GTGU,GT,Department,Guatemala,North America,Primary land,36,1.0,-90.4950665,14.62159085,204
Lusaka,Zambia,https://www.panapress.com/Coronavirus-Zambia-records-first-a_630632925-lang2.html,ZM,Province,Zambia,Africa,Primary land,35,0.0,29.18578839,-15.36300507,205
Maldonado,Uruguay,UYMA,UY,Department,Uruguay,South America,Primary land,35,0.0,-54.86444695,-34.55927043,206
Flores,Uruguay,UYFS,UY,Department,Uruguay,South America,Primary land,35,0.0,-56.89338635,-33.57397881,207
Montevideo,Uruguay,UYMO,UY,Department,Uruguay,South America,Primary land,35,0.0,-56.21529809,-34.8203102,208
Salto,Uruguay,UYSA,UY,Department,Uruguay,South America,Primary land,35,0.0,-57.02866759,-31.3232665,209
Abu Dhabi,United Arab Emirates,AEAZ,AE,Emirate,United Arab Emirates,Asia,Primary land,35,0.0,53.80965952,24.18479649,210
French Polynesia,French Polynesia,FRPF,FR,Overseas Territorial Collectivity,France,Oceania,Medium island,35,0.0,-149.4007225,-17.67755845,211
Antofagasta,Chile,CLAN,CL,Region,Chile,South America,Primary land,35,0.0,-69.11498891,-23.49915705,212
Kronobergs,Sweden,SEG,SE,L?n,Sweden,Europe,Primary land,34,0.0,14.57380159,56.79553519,213
Kalmar,Sweden,SEH,SE,L?n,Sweden,Europe,Primary land,34,1.0,16.05481988,57.25933564,214
Ceuta,Spain,ES,ES,Autonomous City,Spain,Africa,Primary land,34,1.0,-5.341639859,35.8935708,215
Nova Gorica,Slovenia,https://www.gov.si/en/news/2020-03-12-slovenia-declares-coronavirus-epidemic/,SI,Municipality,Slovenia,Europe,Primary land,34,0.0,13.74598021,45.9754691,216
Arad,Romania,https://en.wikipedia.org/wiki/2020_coronavirus_outbreak_in_Romania,RO,Department,Romania,Europe,Primary land,34,0.0,21.73766735,46.25454883,217
Saint Michael,Barbados,http://jamaica-gleaner.com/article/world-news/20200317/barbados-records-two-cases-coronavirus,BB,Parish,Barbados,North America,Primary land,34,0.0,-59.60209761,13.11832303,218
Wakiso,Uganda,UG113,UG,District,Uganda,Africa,Primary land,33,0.0,32.44561417,0.222662601,219
Samut Prakan,Thailand,TH11,TH,Province,Thailand,Asia,Primary land,33,1.0,100.7161542,13.59715851,220
Pattani,Thailand,TH94,TH,Province,Thailand,Asia,Primary land,33,0.0,101.3512796,6.731292239,221
Sverdlovskaya,Russian Federation,RUSVE,RU,Oblast,Russian Federation,Asia,Primary land,33,0.0,61.53032827,58.68196691,222
Kauno,Lithuania,LTKU,LT,County,Lithuania,Europe,Primary land,32,0.0,23.87510576,55.08267748,223
San Salvador,El Salvador,https://www.usnews.com/news/world/articles/2020-03-18/el-salvador-registers-first-coronavirus-infection-president-says,SV,Department,El Salvador,North America,Primary land,32,0.0,-89.1739415,13.77329415,224
Tierra del Fuego,Argentina,ARV,AR,Province,Argentina,South America,Primary land,32,0.0,-67.47410086,-54.33026483,225
Niigata,Japan,https://www3.nhk.or.jp/news/html/20200304/k10012312901000.html,JP,Prefecture,Japan,Asia,Primary land,31,0.0,138.9579505,37.48715189,226
Yerushalayim,Israel,https://www.jpost.com//Breaking-News/Breaking-28-Israelis-diagnosed-with-coronavirus-Health-Ministry-620244,IL,District,Israel,Asia,Primary land,31,0.0,35.00637075,31.74328458,227
Bali,Indonesia,IDBA,ID,Province,Indonesia,Asia,Medium island,31,2.0,115.11619,-8.355536437,228
Madhya Pradesh,India,INMP,IN,State,India,Asia,Primary land,31,2.0,78.31929853,23.55608731,229
Heredia,Costa Rica,CRH,CR,Province,Costa Rica,North America,Primary land,31,0.0,-84.01387499,10.42315859,230
US Virgin Islands,US Virgin Islands,https://www.worldometers.info/coronavirus/country/us/,United States,Territory,United States,North America,Small island,30,0.0,-64.80109307,17.96627446,231
Maritime,Togo,https://www.reuters.com/article/us-healthcare-coronavirus-togo/togo-confirms-first-case-of-coronavirus-idUSKBN20T1Z5,TG,Region,Togo,Africa,Primary land,30,1.0,1.284580493,6.679049669,232
Constanta,Romania,ROCT,RO,Department,Romania,Europe,Primary land,30,2.0,28.24732059,44.24402211,233
Dubrovacko-neretvanska,Croatia,https://www.koronavirus.hr/en,HR,County,Croatia,Europe,Primary land,30,0.0,17.7303749,42.87217163,234
Risaralda,Colombia,CORIS,CO,Department,Colombia,South America,Primary land,29,0.0,-75.88951845,5.086819219,235
Cundinamarca,Colombia,COCUN,CO,Department,Colombia,South America,Primary land,29,0.0,-74.09858247,4.825140782,236
Postojna,Slovenia,https://www.nijz.si/sl/pojav-novega-koronavirusa-2019-ncov,SI,Municipality,Slovenia,Europe,Primary land,28,0.0,14.17907255,45.78669513,237
Nitriansky kraj,Slovakia,SKNI,SK,Region,Slovakia,Europe,Primary land,28,0.0,18.31056771,48.14333679,238
Kayes,Mali,ML1,ML,Region,Mali,Africa,Primary land,28,2.0,-10.24044852,13.88016359,239
Klaipedos,Lithuania,LTKL,LT,County,Lithuania,Europe,Primary land,28,0.0,21.55519362,55.70370185,240
Oita,Japan,https://www3.nhk.or.jp/news/html/20200304/k10012312901000.html,JP,Prefecture,Japan,Asia,Primary land,28,0.0,131.4295379,33.20382574,241
Jammu and Kashmir,India,https://pib.gov.in/PressReleseDetail.aspx?PRID=1605744,IN,State,India,Asia,Primary land,28,2.0,76.59586909,33.82198032,242
P?ij?t-H?me,Finland,https://korona.kans.io/,FI,Region,Finland,Europe,Primary land,28,0.0,25.72171533,61.22267672,243
Songkhla,Thailand,TH90,TH,Province,Thailand,Asia,Primary land,27,0.0,100.5527964,6.903441116,244
Quer?taro,Mexico,MXQUE,MX,State,Mexico,North America,Primary land,27,1.0,-99.8584843,20.84992263,245
Baja California,Mexico,MXBCN,MX,State,Mexico,North America,Primary land,27,0.0,-115.1214857,30.61560899,246
Coquimbo,Chile,CLCO,CL,Region,Chile,South America,Primary land,27,0.0,-70.89129629,-30.66567097,247
Fier,Albania,AL4,AL,County,Albania,Europe,Primary land,27,2.0,19.62068279,40.77547234,248
Veracruz,Mexico,MXVER,MX,State,Mexico,North America,Primary land,26,0.0,-96.40694218,19.36932483,249
Wilayah Persekutuan Putrajaya,Malaysia,MY16,MY,Federal Territory,Malaysia,Asia,Primary land,26,0.0,101.6937737,2.928674496,250
Canar,Ecuador,https://www.salud.gob.ec/actualizacion-de-casos-de-coronavirus-en-ecuador/,EC,Province,Ecuador,South America,Primary land,26,1.0,-78.98305083,-2.509606724,251
San Luis Potos?,Mexico,MXSLP,MX,State,Mexico,North America,Primary land,25,2.0,-100.4475056,22.6136104,252
Addis Ababa,Ethiopia,https://ethiopianmonitor.com/2020/03/15/coronavirus-3-new-ccases-identified-in-ethiopia/,ET,Administration,Ethiopia,Africa,Primary land,25,0.0,38.78502271,8.978778926,253
El Oro,Ecuador,https://www.salud.gob.ec/actualizacion-de-casos-de-coronavirus-en-ecuador/,EC,Province,Ecuador,South America,Primary land,25,0.0,-79.81359219,-3.521547685,254
Sucumb?os,Ecuador,https://www.salud.gob.ec/actualizacion-de-casos-de-coronavirus-en-ecuador/,EC,Province,Ecuador,South America,Primary land,25,6.0,-76.46582654,-0.092842003,255
Zadarska,Croatia,https://www.koronavirus.hr/en,HR,County,Croatia,Europe,Primary land,25,0.0,15.69271766,44.21965196,256
Atl?ntico,Colombia,COATL,CO,Department,Colombia,South America,Primary land,25,0.0,-74.97281839,10.67684582,257
Distrito Federal,Venezuela,VEA,VE,Capital District,Venezuela,South America,Primary land,24,1.0,-66.97340448,10.48104404,258
Kumanovo,North Macedonia,MK47,MK,Municipality,North Macedonia,Europe,Primary land,24,1.0,21.72226157,42.09199834,259
Aguascalientes,Mexico,MXAGU,MX,State,Mexico,North America,Primary land,24,0.0,-102.3615669,22.0065622,260
Sinaloa,Mexico,https://news.trust.org/item/20200228134645-auoh9,MX,State,Mexico,North America,Primary land,24,3.0,-107.4934879,25.04748003,261
Timis,Romania,http://www.ms.ro/2020/03/03/al-patrulea-caz-de-infectare-cu-noul-coronavirus-in-romania/,RO,Department,Romania,Europe,Primary land,23,0.0,21.37879405,45.73791129,262
Yogyakarta,Indonesia,IDYO,ID,Special Region,Indonesia,Asia,Primary land,23,2.0,110.4416819,-7.892703117,263
Sibensko-kninska,Croatia,https://www.koronavirus.hr/en,HR,County,Croatia,Europe,Primary land,23,0.0,16.10027171,43.8661736,264
Maranh?o,Brazil,BRMA,BR,State,Brazil,South America,Primary land,23,1.0,-45.29756767,-5.106980195,265
Bermuda,Bermuda, ,BM,Overseas Territory,United Kingdom,North America,Small island,22,0.0,-64.76561252,32.30868789,266
Komi,Russian Federation,RUKO,RU,Republic,Russian Federation,Europe,Primary land,22,0.0,54.9522225,64.32899632,267
Iasi,Romania,https://www.digi24.ro/stiri/actualitate/30-de-cazuri-confirmate-de-coronavirus-in-romania-1273533,RO,Department,Romania,Europe,Primary land,22,0.0,27.2778209,47.20349208,268
Cluj,Romania,ROCJ,RO,Department,Romania,Europe,Primary land,22,1.0,23.5187337,46.78773813,269
Lambayeque,Peru,PELAM,PE,Region,Peru,South America,Primary land,22,0.0,-79.83258413,-6.343944864,270
Niamey,Niger,https://www.usnews.com/news/world/articles/2020-03-19/niger-confirms-first-case-of-coronavirus-health-minister-says,NE,Capital District,Niger,Africa,Primary land,22,3.0,2.109473764,13.51216538,271
Fukuoka,Japan,https://www3.nhk.or.jp/news/html/20200304/k10012312901000.html,JP,Prefecture,Japan,Asia,Primary land,22,0.0,130.6659032,33.52699919,272
Satakunta,Finland,https://korona.kans.io/,FI,Region,Finland,Europe,Primary land,22,0.0,22.15491629,61.52948713,273
Blekinge,Sweden,https://sverigesradio.se/artikel/7425886,SE,L?n,Sweden,Europe,Primary land,21,0.0,15.19168566,56.28343004,274
Presovsky kraj,Slovakia,SKPV,SK,Region,Slovakia,Europe,Primary land,21,0.0,21.22148335,49.12410479,275
Piura,Peru,PEPIU,PE,Region,Peru,South America,Primary land,21,0.0,-80.35336084,-5.119455382,276
Abuja Capital Territory,Nigeria,NGFC,NG,Federal Territory,Nigeria,Africa,Primary land,21,1.0,7.17699282,8.862248892,277
L'Oriental,Morocco,MA04,MA,Region,Morocco,Africa,Primary land,21,2.0,-2.549656173,33.43899761,278
Tel-Aviv,Israel,https://www.jpost.com/Breaking-News/Israel-confirms-three-m-more-cases-of-coronavirus-619446,IL,District,Israel,Asia,Primary land,21,0.0,34.80896847,32.08449339,279
La Altagracia,Dominican Republic,DO11,DO,Province,Dominican Republic,North America,Primary land,21,0.0,-68.65605261,18.57895869,280
Varazdinska,Croatia,https://www.koronavirus.hr/en,HR,County,Croatia,Europe,Primary land,21,0.0,16.34442152,46.23025139,281
Cartago,Costa Rica,CRC,CR,Province,Costa Rica,North America,Primary land,21,0.0,-83.6858212,9.815264304,282
Huila,Colombia,COHUI,CO,Department,Colombia,South America,Primary land,21,0.0,-75.61282694,2.564102028,283
Libertador General Bernardo O'Higgins,Chile,CLLI,CL,Region,Chile,South America,Primary land,21,0.0,-71.01673338,-34.45394861,284
Mexico,Mexico,http://salud.edomex.gob.mx/isem/ac_boletines_informativos&idbol=414#barrabol414,MX,State,Mexico,North America,Primary land,205,8.0,-99.64867317,19.35114232,285
Plovdiv,Bulgaria,BG16,BG,Region,Bulgaria,Europe,Primary land,21,0.0,24.80646387,42.29045216,286
Par?,Brazil,BRPA,BR,State,Brazil,South America,Primary land,21,0.0,-53.16149845,-4.105540633,287
Gwangju,South Korea,http://ncov.mohw.go.kr/index_main.jsp,KR,Metropolitan City,South Korea,Asia,Primary land,20,0.0,126.855584,35.12642257,288
Neamt,Romania,RONT,RO,Department,Romania,Europe,Primary land,20,0.0,26.36687005,46.9701798,289
Nelson City,New Zealand,NZNSN,NZ,Region,New Zealand,Oceania,Primary land,20,0.0,173.4213563,-41.24008061,290
Gifu,Japan,https://www3.nhk.or.jp/news/html/20200304/k10012312901000.html,JP,Prefecture,Japan,Asia,Primary land,20,0.0,137.0499441,35.78468172,291
Kalimantan Timur (east),Indonesia,IDKI,ID,Province,Indonesia,Asia,Primary land,20,0.0,116.4582161,0.508709753,292
Karlovacka,Croatia,https://www.koronavirus.hr/en,HR,County,Croatia,Europe,Primary land,20,1.0,15.44761108,45.27067982,293
Phnom Penh,Cambodia,https://breaking.iavian.net/article/232712,KH,Autonomous Municipality,Cambodia,Asia,Primary land,20,0.0,104.873246,11.54906957,294
Neuqu?n,Argentina,ARQ,AR,Province,Argentina,South America,Primary land,20,0.0,-70.12207367,-38.66710188,295
Arusha,Tanzania,https://www.voanews.com/science-health/coronavirus-outbreak/tanzania-confirms-first-case-coronavirus,TZ,Region,Tanzania,Africa,Primary land,19,0.0,36.04262226,-3.083326628,296
Tatarstan,Russian Federation,RUTA,RU,Republic,Russian Federation,Europe,Primary land,19,0.0,50.9165471,55.36331763,297
Buryatiya,Russian Federation,https://ria.ru/20200302/1566843474.html,RU,Republic,Russian Federation,Asia,Primary land,19,0.0,109.6275701,53.67879522,298
Sumatera Utara (north),Indonesia,IDSU,ID,Province,Indonesia,Asia,Primary land,19,1.0,99.1412542,2.328752252,299
Papua,Indonesia,IDPA,ID,Province,Indonesia,Asia,Primary land,19,0.0,138.719463,-4.683442326,300
Ida-Virumaa,Estonia,https://koroonakaart.ee/en,EE,County,Estonia,Europe,Primary land,19,0.0,27.33794707,59.19245515,301
Hawaii,United States,https://www.worldometers.info/coronavirus/country/us/,United States,HI,United States,North America,Primary land,204,0.0,-155.5183945,19.59879396,302
B?o-B?o,Chile,CLBI,CL,Region,Chile,South America,Primary land,201,2.0,-72.2591359,-37.18446334,303
Erevan,Armenia,http://arka.am/en/news/society/armenian_health_authorities_to_isolate_30_persons_because_of_the_threat_of_coronavirus_spread_/,AM,City,Armenia,Asia,Primary land,201,3.0,44.55008386,40.14919295,304
Jawa Barat (west),Indonesia,IDJB,ID,Province,Indonesia,Asia,Primary land,198,20.0,107.595669,-6.915998092,305
Santa Catarina,Brazil,https://veja.abril.com.br/saude/brasil-passa-de-121-para-176-casos-de-coronavirus-confirmados/,BR,State,Brazil,South America,Primary land,197,1.0,-50.50117855,-27.24877205,306
Solothurn,Switzerland,https://www.swissinfo.ch/eng/covid-19_switzerland-confirms-second-coronavirus-case/45582788?utm_content=o&utm_campaign=own-posts&utm_medium=socialflow&utm_source=twitter,CH,Canton,Switzerland,Europe,Primary land,196,2.0,7.639298587,47.31781544,307
Centre,Cameroon,https://fr-fr.facebook.com/MINSANTE.PageOfficielle/photos/a.1480278031987670/3360924203923034/,CM,Region,Cameroon,Africa,Primary land,193,6.0,11.82320821,4.667342663,308
Zug,Switzerland,https://www.swissinfo.ch/eng/covid-19_switzerland-confirms-second-coronavirus-case/45582788?utm_content=o&utm_campaign=own-posts&utm_medium=socialflow&utm_source=twitter,CH,Canton,Switzerland,Europe,Primary land,114,1.0,8.537480953,47.15887207,309
Malopolskie,Poland,https://twitter.com/MZ_GOV_PL/status/1236731347571478531,PL,Province,Poland,Europe,Primary land,192,1.0,20.25645373,49.85758271,310
Masqat,Oman,https://twitter.com/OmaniMOH/status/1234858414897082369,OM,Governorate,Oman,Asia,Primary land,192,0.0,58.5954118,23.351088,311
Perak,Malaysia,MY08,MY,State,Malaysia,Asia,Primary land,189,0.0,101.1163221,4.778254171,312
Pichincha,Ecuador,https://www.salud.gob.ec/actualizacion-de-casos-de-coronavirus-en-ecuador/,EC,Province,Ecuador,South America,Primary land,188,5.0,-78.58951436,-0.105802586,313
Uppsala,Sweden,https://www.svd.se/tre-nya-fall-i-orebro--en-smittad-i-usa,SE,L?n,Sweden,Europe,Primary land,183,6.0,17.67073503,60.04683528,314
Ilam,Iran,https://en.irna.ir/,IR,Province,Iran,Asia,Primary land,183,2.0,46.92042412,33.09943002,315
R?union,R?union,FRRE,FR,Overseas Department/Region,France,Africa,Medium island,183,0.0,55.53268909,-21.13352244,316
Burgenland,Austria,https://www.sozialministerium.at/Informationen-zum-Coronavirus/Neuartiges-Coronavirus-(2019-nCov).html,AT,State,Austria,Europe,Primary land,182,3.0,16.52512162,47.54634332,317
Negeri Sembilan,Malaysia,https://www.straitstimes.com/asia/se-asia/coronavirus-malaysia-confirms-2-new-cases-to-bring-total-to-12-a-suspected-case-at-klcc,MY,State,Malaysia,Asia,Primary land,181,0.0,102.2063727,2.775847721,318
Yunnan,China,https://3g.dxy.cn/newh5/view/pneumonia?scene=2&clicktime=1579582238&enterid=1579582238&from=singlemessage&isappinstalled=0,CN,Province,China,Asia,Primary land,180,2.0,101.4844158,25.03492979,319
Khorasan-e Janubi (south),Iran,https://en.irna.ir/,IR,Province,Iran,Asia,Primary land,178,2.0,59.51897469,32.47941621,320
Montana,United States,https://www.worldometers.info/coronavirus/country/us/,United States,MT,United States,North America,Primary land,185,4.0,-109.6512865,47.07288477,321
Agder,Norway,https://www.vg.no/spesial/2020/corona-viruset/,NO,County,Norway,Europe,Primary land,176,1.0,7.959184101,58.87559241,322
Hokkaido,Japan,https://www3.nhk.or.jp/news/html/20200304/k10012312901000.html,JP,Prefecture,Japan,Asia,Primary land,176,7.0,142.5674491,43.39698505,323
Saskatchewan,Canada,CASK,CA,Province,Canada,North America,Primary land,176,2.0,-105.9002356,54.79284582,324
Bahia,Brazil,https://veja.abril.com.br/saude/brasil-passa-de-121-para-176-casos-de-coronavirus-confirmados/,BR,State,Brazil,South America,Primary land,176,1.0,-41.70320102,-12.49463724,325
Dakar,Senegal,https://www.lequotidien.sn/coronavirus-le-senegal-enregistre-son-premier-cas/,SN,Region,Senegal,Africa,Primary land,175,0.0,-17.27391721,14.7560319,326
Vestfold and Telemark,Norway,https://www.vg.no/spesial/2020/corona-viruset/,NO,County,Norway,Europe,Primary land,175,0.0,10.12756261,59.33030822,327
Hamadan,Iran,https://en.irna.ir/,IR,Province,Iran,Asia,Primary land,175,3.0,48.64045206,34.93110988,328
Jihomoravsk_,Czech Republic,https://onemocneni-aktualne.mzcr.cz/covid-19,CZ,Region,Czech Republic,Europe,Primary land,175,0.0,16.63598645,49.08280521,329
Kerala,India,https://pib.gov.in/PressReleseDetail.aspx?PRID=1605744,IN,State,India,Asia,Primary land,174,1.0,76.40681656,10.4623498,330
Tianjin,China,https://3g.dxy.cn/newh5/view/pneumonia?scene=2&clicktime=1579582238&enterid=1579582238&from=singlemessage&isappinstalled=0,CN,Municipality,China,Asia,Primary land,174,3.0,117.332222,39.32333374,331
Kwazulu-Natal,South Africa,http://www.nicd.ac.za/third-confirmed-case-of-covid-19-in-south-africa/,ZA,Province,South Africa,Africa,Primary land,171,0.0,30.72167365,-28.7418327,332
Varsinais-Suomi,Finland,FI19,FI,Region,Finland,Europe,Medium island,170,0.0,22.64555736,60.13265729,333
La Habana,Cuba,https://en.wikipedia.org/wiki/2020_coronavirus_pandemic_in_Cuba,CU,Province,Cuba,North America,Primary land,170,4.0,-82.30728771,23.06795867,334
Malta,Malta,https://timesofmalta.com/articles/view/first-coronavirus-case-reported-in-malta.776288,MT,Undifferentiated Country,Malta,Europe,Small island,169,0.0,14.43994272,35.88822379,335
Kerman,Iran,https://en.irna.ir/,IR,Province,Iran,Asia,Primary land,169,1.0,57.30997372,29.72459151,336
Faroe Islands,Faroe Islands,https://www.government.fo/en/news/news/first-case-of-covid-19-confirmed-in-faroe-islands/,FO,Autonomous Constituent Country,Denmark,Europe,Medium island,169,0.0,-7.015530975,62.13610687,337
Agn?bi,C?te d'Ivoire,https://en.wikipedia.org/wiki/2020_coronavirus_pandemic_in_Ivory_Coast,CI,Region,Cote d'Ivoire,Africa,Primary land,168,1.0,-3.993646687,6.075819198,338
Hainan,China,https://3g.dxy.cn/newh5/view/pneumonia?scene=2&clicktime=1579582238&enterid=1579582238&from=singlemessage&isappinstalled=0,CN,Province,China,Asia,Primary land,168,6.0,109.7463616,19.1975553,339
Grand Casablanca,Morocco,http://www.mapexpress.ma/ar/actualite/%D8%A7%D9%84%D9%85%D8%BA%D8%B1%D8%A8-%D9%8A%D8%B9%D9%84%D9%86-%D8%B9%D9%86-%D8%AA%D8%B3%D8%AC%D9%8A%D9%84-%D8%A3%D9%88%D9%84-%D8%AD%D8%A7%D9%84%D8%A9-%D8%A5%D8%B5%D8%A7%D8%A8%D8%A9-%D8%A8%D9%81%D9%8A/%D9%85%D8%AC%D8%AA%D9%85%D8%B9-%D9%88%D8%AC%D9%87%D8%A7%D8%AA/,MA,Region,Morocco,Africa,Primary land,167,6.0,-7.566657785,33.53228602,340
Aichi,Japan,https://www3.nhk.or.jp/news/html/20200304/k10012312901000.html,JP,Prefecture,Japan,Asia,Primary land,167,19.0,137.2116918,35.03814766,341
Flevoland,Netherlands,https://www.rivm.nl/nieuws/actuele-informatie-over-coronavirus,NL,Province,Netherlands,Europe,Primary land,166,0.0,5.597914604,52.52331833,342
Khorasan-e Shemali (north),Iran,https://en.irna.ir/,IR,Province,Iran,Asia,Primary land,165,1.0,57.09934735,37.44544628,343
Groningen,Netherlands,NLGR,NL,Province,Netherlands,Europe,Primary land,161,0.0,6.74226542,53.21801034,344
Zeeland,Netherlands,https://www.rivm.nl/nieuws/actuele-informatie-over-coronavirus,NL,Province,Netherlands,Europe,Primary land,161,0.0,3.83583051,51.45629953,345
Bucuresti,Romania,http://www.ms.ro/2020/03/07/2-noi-cazuri-de-persoane-care-sunt-infectate-cu-noul-coronavirus/,RO,City,Romania,Europe,Primary land,160,5.0,26.09545199,44.43970275,346
Chiba,Japan,https://www3.nhk.or.jp/news/html/20200304/k10012312901000.html,JP,Prefecture,Japan,Asia,Primary land,160,1.0,140.2000916,35.51737717,347
Maharashtra,India,https://pib.gov.in/PressReleseDetail.aspx?PRID=1605744,IN,State,India,Asia,Primary land,160,8.0,76.12664286,19.47066351,348
Novo Mesto,Slovenia,https://www.gov.si/en/news/2020-03-12-slovenia-declares-coronavirus-epidemic/,SI,Municipality,Slovenia,Europe,Primary land,158,0.0,15.1997975,45.77463813,349
Sarawak,Malaysia,https://kpkesihatan.com/2020/03/01/kenyataan-akhbar-kpk-1-mac-2020-situasi-semasa-jangkitan-penyakit-coronavirus-2019-covid-19-di-malaysia/,MY,State,Malaysia,Asia,Primary land,156,5.0,113.4058541,2.607562378,350
Troms,Norway,https://www.vg.no/spesial/2020/corona-viruset/,NO,County,Norway,Europe,Primary land,155,0.0,19.79276885,69.21547415,351
Paran?,Brazil,https://veja.abril.com.br/saude/brasil-passa-de-121-para-176-casos-de-coronavirus-confirmados/,BR,State,Brazil,South America,Primary land,155,3.0,-51.62733973,-24.63935648,352
Thurgau,Switzerland,https://www.swissinfo.ch/eng/covid-19_switzerland-confirms-second-coronavirus-case/45582788?utm_content=o&utm_campaign=own-posts&utm_medium=socialflow&utm_source=twitter,CH,Canton,Switzerland,Europe,Primary land,154,3.0,9.087633201,47.56999678,353
Baghdad,Iraq,https://www.facebook.com/MOH.GOV.IQ/photos/a.860171854037214/2786981578022889/,IQ,Governorate,Iraq,Asia,Primary land,154,13.0,44.37949954,33.33269853,354
Nebraska,United States,https://www.worldometers.info/coronavirus/country/us/,United States,NE,United States,North America,Primary land,153,3.0,-99.81863746,41.5432888,355
Baluchistan,Pakistan,PKBA,PK,Province,Pakistan,Asia,Primary land,153,1.0,65.916747,28.35988555,356
Greater Accra,Ghana,https://www.bloomberg.com/news/articles/2020-03-15/ghana-closes-borders-for-arrivals-from-coronavirus-hit-countries,GH,Region,Ghana,Africa,Primary land,152,5.0,0.030900265,5.781612984,357
Amazonas,Brazil,BRAM,BR,State,Brazil,South America,Primary land,151,1.0,-64.70304166,-4.201832029,358
