ID_Fuente,Fuente,ID_Dato ,Categoria,Descripción Fuente,Descarga Link,Descripción información,fecha dato,fecha consulta,Email Contacto,Cobertura,Sitio Web,Link API,Especificaciones API,Descarga FTP,Descarga XML,País,División administrativa,Municipio,Unnamed: 19,Unnamed: 20,Unnamed: 21,Unnamed: 22,Unnamed: 23,Unnamed: 24,Unnamed: 25,Categorias
1.0,COLMED,1.0,Organizaciones,"Colegio médico, da datos sobre las cifras de infectados, metodos de prevención para personas y profesionales de la salud, mantiene información al día e interconectada con la OMS (la mayoría de sus especificaciones van dirigidas a profesionales de la salud)",http://www.colegiomedico.cl/covid19/,"Información al día del COVID-19, muestra todos los tipo de publicaciones relacionados",diario,2020-03-27,portal@colegiomedico.cl,Nacional,http://www.colegiomedico.cl/,,,,,Chile,,,,,,,,,,Hospitales y Clinicas
1.0,COLMED,2.0,Organizaciones,"Colegio médico, da datos sobre las cifras de infectados, metodos de prevención para personas y profesionales de la salud, mantiene información al día e interconectada con la OMS (la mayoría de sus especificaciones van dirigidas a profesionales de la salud)",http://www.colegiomedico.cl/wp-content/uploads/2020/03/recomendaciones-EPP-2.pdf,Muestra recomendaciones de elementos de proteccíón personal para profesionales de la salud que se enfrenten a pacientes con COVID-19 ,,2020-03-27,portal@colegiomedico.cl,Nacional,http://www.colegiomedico.cl/,,,,,Chile,,,,,,,,,,Organizaciones
1.0,COLMED,3.0,Organizaciones,"Colegio médico, da datos sobre las cifras de infectados, metodos de prevención para personas y profesionales de la salud, mantiene información al día e interconectada con la OMS (la mayoría de sus especificaciones van dirigidas a profesionales de la salud)",http://www.colegiomedico.cl/colmed-asegura-que-informacion-oficial-sobre-covid-19-tiene-inconsistencias-son-incompletos-y-pide-cierre-urgente-de-region-metropolitana/,"Noticia del 20/03/2020 ""Colmed asegura que información oficial sobre COVID-19 tiene inconsistencias, son incompletos y pide cierre urgente de Región Metropolitana"" “Le pido a toda la ciudadanía, a todas las personas que quieren colaborar en esta crisis a quedarse en su casa, a no irse a la playa, a no movilizarse entre regiones y reforzar las medidas que nuestro Colegio y la comunidad científica han realizado. La solidaridad y cooperación entre nosotros es la única manera de abordar esta crisis” Dra. Izkia Siches, presidenta de Colmed",2020-03-20 00:00:00,2020-03-27,portal@colegiomedico.cl,Nacional,http://www.colegiomedico.cl/,,,,,Chile,,,,,,,,,,
1.0,COLMED,4.0,Organizaciones,"Colegio médico, da datos sobre las cifras de infectados, metodos de prevención para personas y profesionales de la salud, mantiene información al día e interconectada con la OMS (la mayoría de sus especificaciones van dirigidas a profesionales de la salud)",http://www.colegiomedico.cl/dra-siches-tras-mesa-social-por-covid-19-si-al-gobierno-le-va-mal-a-todos-nos-va-mal/,"Noticia del 22/03/2020 ""Dra. Siches tras mesa social por COVID-19: “Si al gobierno le va mal, a todos nos va mal”"" “más allá de las medidas del gobierno, gran parte de poder avanzar y tener un enfrentamiento de la pandemia va en la medida de que las personas cumplan con los lineamientos y que se tenga una actitud solidaria y colaborativa. No se debe trasladar entre regiones, controlar los brotes relevantes de covid-19 y seguir trabajando en la agenda si le va mal al gobierno, nos va mal a todos” Dra. Izkia Siches, presidenta de Colmed",2020-03-22 00:00:00,2020-03-27,portal@colegiomedico.cl,Nacional,http://www.colegiomedico.cl/,,,,,Chile,,,,,,,,,,
1.0,COLMED,5.0,Organizaciones,"Colegio médico, da datos sobre las cifras de infectados, metodos de prevención para personas y profesionales de la salud, mantiene información al día e interconectada con la OMS (la mayoría de sus especificaciones van dirigidas a profesionales de la salud)",http://www.colegiomedico.cl/mesa-social-covid-19-colegio-medico-realizara-propuesta-para-manejo-del-recurso-humano-en-salud/,"Noticia del 27/03/2020 ""Mesa social COVID-19: Colegio Médico realizará propuesta para manejo del recurso humano en salud"" ""tenemos dos formularios disponibles para  monitorizar los elementos de protección personal y un segundo en torno al personal de salud enfermo por Covid-19 o en cuarentena"" Dra. Izkia Siches, presidenta de Colmed",2020-03-27 00:00:00,2020-03-27,portal@colegiomedico.cl,Nacional,http://www.colegiomedico.cl/,,,,,Chile,,,,,,,,,,
1.0,COLMED,6.0,Organizaciones,"Colegio médico, da datos sobre las cifras de infectados, metodos de prevención para personas y profesionales de la salud, mantiene información al día e interconectada con la OMS (la mayoría de sus especificaciones van dirigidas a profesionales de la salud)",http://www.colegiomedico.cl/wp-content/uploads/2020/03/VIOLENCIA-DE-GENERO-CONTINGENCIA-COVID-19.pdf,"Recomendaciones para equipos de salud: Contingencia COVID-19, proceso de cuarentena o encierro en contexto de violencia de genero. PDF dirigido a profesionales de la salud que muestra cómo responder o ayudar frente al aislamiento de alguien que sufre violencia de género",,2020-03-27,portal@colegiomedico.cl,Nacional,http://www.colegiomedico.cl/,,,,,Chile,,,,,,,,,,
2.0,MINSAL,7.0,Organizaciones,"Ministerio de salud, epidemiología",http://epi.minsal.cl/informes-covid-19/,Informes (formato PDF) diarios de actualizaciones sobre el avance del COVID-19 a nivel nacional ,,2020-03-27,,Nacional,http://epi.minsal.cl/,,,,,Chile,,,,,,,,,,Alimentacion y Medicamentos
2.0,MINSAL,8.0,Organizaciones,"Ministerio de salud, epidemiología",https://epivigila.minsal.cl/,"Sitio donde se publican los resultados médicos del COVID-19, pareciera que es solo para funcionarios de la salud, ellos aportan los datos, se necesita un usuario para ingresar",,2020-03-27,,Nacional,https://epivigila.minsal.cl/,,,,,Chile,,,,,,,,,,Cuarentena
2.0,MINSAL,9.0,Organizaciones,Ministerio de salud,https://www.minsal.cl/nuevo-coronavirus-2019-ncov/,Información constante (diaria) del MINSAL se divide en varios puntos,,2020-03-27,,Nacional,https://www.minsal.cl/,,,,,Chile,,,,,,,,,,
2.0,MINSAL,10.0,Organizaciones,Ministerio de salud,https://www.minsal.cl/nuevo-coronavirus-2019-ncov/casos-confirmados-en-chile-covid-19/,Casos confirmados en Chile COVID-19 (información diaria),,2020-03-27,,Nacional,https://www.minsal.cl/,,,,,Chile,,,,,,,,,,
2.0,MINSAL,11.0,Organizaciones,Ministerio de salud,https://www.minsal.cl/nuevo-coronavirus-2019-ncov/informe-tecnico/,"Información técnica de modificaciones ley, resoluciones, protocolos, medidas, etc.",,2020-03-27,,Nacional,https://www.minsal.cl/,,,,,Chile,,,,,,,,,,
2.0,MINSAL,12.0,Organizaciones,Ministerio de salud,https://www.minsal.cl/nuevo-coronavirus-2019-ncov/material-de-descarga/,"Descarga general de material grafico, videos, mp4, etc. Para informar sobre el COVID-19",,2020-03-27,,Nacional,https://www.minsal.cl/,,,,,Chile,,,,,,,,,,
2.0,MINSAL,13.0,Organizaciones,Ministerio de salud,https://www.minsal.cl/wp-content/uploads/2020/03/2020.03.04_VOLANTE-CORONAVIRUS_PREVENCION-Y-SINTOMAS_imprimir.pdf,¿Cómo prevenirlo?; Parte del material gráfico descargable realizado por el ministerio de salud ,2020-03-04 00:00:00,2020-03-27,,Nacional,https://www.minsal.cl/,,,,,Chile,,,,,,,,,,
2.0,MINSAL,14.0,Organizaciones,Ministerio de salud,https://www.minsal.cl/wp-content/uploads/2020/03/2020.03.04_VOLANTE-CORONAVIRUS_PREVENCION-Y-SINTOMAS_imprimir.pdf,Síntomas; Parte del material gráfico descargable realizado por el ministerio de salud ,2020-03-04 00:00:00,2020-03-27,,Nacional,https://www.minsal.cl/,,,,,Chile,,,,,,,,,,
2.0,MINSAL,15.0,Organizaciones,Ministerio de salud,https://www.minsal.cl/wp-content/uploads/2020/03/2020.03.13_INDICACIONES-EN-CUARENTENA.pdf,Indicaciones para personas en aislamiento domiciliario por COVID-19; Parte del material gráfico descargable realizado por el ministerio de salud ,2020-03-13 00:00:00,2020-03-27,,Nacional,https://www.minsal.cl/,,,,,Chile,,,,,,,,,,
2.0,MINSAL,16.0,Organizaciones,Ministerio de salud, https://www.minsal.cl/wp-content/uploads/2020/03/PROTOCOLO-DE-LIMPIEZA-Y-DESINFECCI%C3%93N-DE-AMBIENTES-COVID-19.pdf,Protocolo de limpieza y desinfección de ambientes COVID-19; Parte del material gráfico descargable realizado por el ministerio de salud  ,,2020-03-27,,Nacional,https://www.minsal.cl/,,,,,Chile,,,,,,,,,,
3.0,SGGCH,17.0,Organizaciones,"Sociedad de Geriatría y Gerontología de Chile, es encargada de la salud para adultos mayores",http://www.senama.gob.cl/storage/docs/-Fases_3_y_4_Protocolo_COVID-19_y_Personas_Mayores_-002.pdf,Muestra las recomendaciones de conducta para cualquier trato  hacia adultos mayores durante la fase 3 y 4 de la pandemia,,2020-03-27,sggch.unete@gmail.com,Nacional,https://www.socgeriatria.cl/site/,,,,,Chile,,,,,,,,,,Trabajo
4.0,MINSAL,18.0,Organizaciones,"Salud responde, del minsal, Organismo encargado de mantenerse en contacto con la población, solucionar dudas y consultas",https://saludresponde.minsal.cl/,"Muestra un cuadro explicativo sobre qué se puede consultar telefonicamente. Ademas creo que es IMPORTANTE otro tipo de consulta suidadana que aparece en la web, como fono suicidio.",,2020-03-27,,Nacional,https://saludresponde.minsal.cl/,,,,,Chile,,,,,,,,,,
4.0,MINSAL,19.0,Organizaciones,"Salud responde, del minsal, Organismo encargado de mantenerse en contacto con la población, solucionar dudas y consultas",http://eccnetserver.entelcallcenter.cl/minsalc2c/index.aspx,"Formulario online de Salud Responde, para solicitar que te llamen, sin costo, si en algún caso no es posible para el usuario llamar. ",,2020-03-27,,Nacional,https://saludresponde.minsal.cl/,,,,,Chile,,,,,,,,,,
4.0,MINSAL,20.0,Organizaciones,"Salud responde, del minsal, Organismo encargado de mantenerse en contacto con la población, solucionar dudas y consultas",https://www.hospitaldigital.gob.cl/servicios-publicos/agendamiento-remoto.html,"Formulario online mediante el cuál se puede agendar horas médicas en algunos consultorios y/o hospitales, es necesario tener clave única. ",,2020-03-27,,Nacional,https://www.hospitaldigital.gob.cl/,,,,,Chile,,,,,,,,,,
5.0,La Tercera,21.0,Organizaciones,Diario,https://www.latercera.com/nacional/noticia/ministro-sichel-lanza-plan-de-ayuda-y-contencion-para-los-adultos-mayores-por-coronavirus/3VQG45NFDRBMTEXDRJNQPOF334/,"Link muestra noticia sobre  dónde deben llamar los adultos mayores para responder sus dudas sobres el COVID-19. (800 400 035), Con el apoyo de Fundación Míranos, darán seguimiento y acompañamiento a adultos mayores en aislamiento, con la ayuda de sociólogod y expertos",2020-03-25 00:00:00,2020-03-27,,Nacional,https://www.latercera.com/,,,,,Chile,,,,,,,,,,Transporte
6.0,Pauta.cl,22.0,Organizaciones,Diario,https://www.pauta.cl/nacional/telefonos-contacto-redes-sociales-salud-responde-sintomas-coronavirus,"Link muestra noticia sobre donde se debe llamar para hacer consultas. El número del MINSAL, ""Salud responde"" estará disponible con profesionales de la salud las 24 horas todos los días, 600 360 77 77",2020-03-17 00:00:00,2020-03-27,,Nacional,https://www.pauta.cl/,,,,,Chile,,,,,,,,,,Economía
7.0,elDesconcierto.cl,23.0,Organizaciones,Diario,https://www.eldesconcierto.cl/2020/03/26/vicepresidente-del-colegio-medico-contradice-a-embajador-de-chile-en-la-ocde-por-afirmacion-respectiva-a-la-inmunidad-al-virus/,"Noticia del 26/03/2020 ""Vicepresidente del Colegio Médico contradice a embajador de Chile en la OCDE por afirmación respectiva a la “inmunidad al virus”""  “en ningún caso es recomendable adquirir el virus para adquirir la inmunidad, porque sabemos que es un virus que tiene una letalidad mayor que las enfermedades habituales como la influenza” Patricio Meza, Vicepresidente del COLME",2020-03-26 00:00:00,2020-03-27,,Nacional,https://www.eldesconcierto.cl/,,,,,Chile,,,,,,,,,,
8.0,SOCHIMU,24.0,Organizaciones,"SOCHIMU (Sociedad Chilena de Medicina de Urgencias) muestra una recopilación de datos traducido desde páginas internacionales como ""Internet Book of Critical Care (IBCC)",https://www.sochimu.cl/covid-19,"Esta página muestra no muy organizadamente muchos datos sobre el COVID-19, es muy interesnate y nunca habia leído antes la parte de ""Lo básico"" ya que explica la diferencia entre los tipos de Coronavirus y en que consiste la ultima mutación (COVID-19) ",2020-03-22 00:00:00,2020-03-27,,Nacional,https://www.sochimu.cl/,,,,,Chile,,,,,,,,,,
4.0,MINSAL,25.0,Organizaciones,Ministerio de salud,https://www.minsal.cl/wp-content/uploads/2020/03/2020.02.28_CORONAVIRUS_PROTOCOLO-AEROPUERTO_02.png,Protocolo de control en aeropuerto; Parte del material gráfico descargable realizado por el ministerio de salud ,2020-02-28 00:00:00,2020-03-27,,Nacional,https://www.minsal.cl/,,,,,Chile,,,,,,,,,,
4.0,MINSAL,26.0,Organizaciones,Ministerio de salud,https://www.minsal.cl/wp-content/uploads/2020/02/2020.02.12_CORONAVIRUS_RED-ASISTENCIAL-APS.pdf,Preparación Red Asistenacial Atención Primaria de Salud; Parte del material gráfico descargable realizado por el ministerio de salud,2020-02-12 00:00:00,2020-03-27,,Nacional,https://www.minsal.cl/,,,,,Chile,,,,,,,,,,
4.0,MINSAL,27.0,Organizaciones,Ministerio de salud,https://www.minsal.cl/wp-content/uploads/2020/02/2020.02.12_CORONAVIRUS_RED-ASISTENCIAL-HOSPITAL-DE-REFERENCIA.pdf,Preparación Red Asistenacial Derivación a hospital de referencia; Parte del material gráfico descargable realizado por el ministerio de salud,2020-02-12 00:00:00,2020-03-27,,Nacional,https://www.minsal.cl/,,,,,Chile,,,,,,,,,,
4.0,MINSAL,28.0,Organizaciones,Ministerio de salud,https://www.minsal.cl/wp-content/uploads/2020/02/2020.02.12_CORONAVIRUS_RED-ASISTENCIAL-UNIDAD-DE-EMERGENCIA.pdf,Preparación Red Asistenacial Atención unidad de emergenxia hospitalaria; Parte del material gráfico descargable realizado por el ministerio de salud,2020-02-12 00:00:00,2020-03-27,,Nacional,https://www.minsal.cl/,,,,,Chile,,,,,,,,,,
5.0,MSPAS,29.0,Organizaciones,Ministerio de Salud Pública y Asistencia Social de Guatemala,https://www.mspas.gob.gt/index.php/noticias/coronavirus-2019-ncov,"La web principal del ministerio de salud de Guatemala, muestra los casos confirmados, fallecidos y recuperados diarios, pero es solo una imagen**",Diario,2020-03-28,,"Internacional, Guatemala",https://www.mspas.gob.gt/,,,,,Guatemala,,,,,,,,,,
6.0,Prensalibre,30.0,Organizaciones,"Diario Guatemalteco, Prensalibre",https://www.prensalibre.com/guatemala/comunitario/estado-de-calamidad-suspension-de-clases-y-toque-de-queda-cuando-se-vence-el-plazo-de-estas-medidas-tomadas-por-el-coronavirus/,"Noticia del 26/03/2020 Diario muestra las medidas que el Gobierno de Guatemala ha tomado para enfrentar el Coronavirus, Suspensión de clases, Paro laboral y suspensión de actividades, Toque de queda y Estado de Calamidad, entre otras cosas",2020-03-26 00:00:00,2020-03-28,,"Internacional, Guatemala",https://www.prensalibre.com/,,,,,Guatemala,,,,,,,,,,
7.0,Sputnik Mundo,31.0,Organizaciones,Diario Internacional,https://mundo.sputniknews.com/america-latina/202003211090861238-el-presidente-de-guatemala-confirma-el-toque-de-queda-ante-coronavirus/,"Diario Internacional Spitnik noticia del 21/03/2020 ""El presidenre de Guatemala confirma el toque de queda ante coronavirus"" ""El día de mañana se instala toque de queda en nuestro país, por 8 días, de las 4 de la tarde (22:00 GMT) a las 4 de la mañana (10:00 GMT) del día siguiente"" Alejandro Giammattei, presidente de Guatemala",2020-03-21 00:00:00,2020-03-28,,"Internacional, Guatemala",https://mundo.sputniknews.com/,,,,,Guatemala,,,,,,,,,,
7.0,Guatemala.com,32.0,Organizaciones,"Diario,red social Guatemala",https://www.guatemala.com/noticias/sociedad/coronavirus-numero-emergencia-atender-dudas-guatemala.html,"Noticia del 14/03/03, muestra los números de emergencia donde consultar sobre dudes del COVID-19 (1517 Y 1540)",2020-03-14 00:00:00,2020-03-28,,"Internacional, Guatemala",https://mundo.sputniknews.com/,,,,,Guatemala,,,,,,,,,,
8.0,EFE,33.0,Organizaciones,Diario Internacional,https://www.efe.com/efe/america/sociedad/belice-el-ultimo-pais-en-america-registrar-un-caso-de-coronavirus/20000013-4202969,"Noticia sobre Belice, del 23/03/2020 ""Belice, el último país en América en registrar un caso de coronavirus"" ""Les pido que mantengan la calma, sigan las recomendaciones sanitarias y nos ayuden a manejar esta experiencia en la mejor forma en la que podamos y, eso, solo se consigue si cada uno de nosotros cumple con todas las advertencias"" Sharlene Cartwright-Robinson, primera ministra de Turcos y Caicos",2020-03-23 00:00:00,2020-03-28,,"Internacional, Belice",https://www.efe.com/,,,,,Belice,,,,,,,,,,
9.0,Secretaria de Salud,34.0,Organizaciones,Secretaria de Salud de Honduras,https://covid19honduras.org/,"En la página principal, tal como en MINSAL, sale una tabla acrualizada diaria sobre la evolución del COVID-19 en el país ",diario,2020-03-28,,"Internacional, Honduras",https://covid19honduras.org/,,,,,Honduras,,,,,,,,,,
9.0,Secretaria de Salud,35.0,Organizaciones,Secretaria de Salud de Honduras,https://covid19honduras.org/sites/default/files/map2.jpg,"Muestra imagén de mapa, dónde se ubican los hospitales priorizados en Honduras",,2020-03-28,,"Internacional, Honduras",https://covid19honduras.org/,,,,,Honduras,,,,,,,,,,
9.0,Secretaria de Salud,36.0,Organizaciones,Secretaria de Salud de Honduras,https://covid19honduras.org/sites/default/files/map1.jpg,"Muestra imagén de mapa, dónde se ubican los puntos de entrada en Honduras",,2020-03-28,,"Internacional, Honduras",https://covid19honduras.org/,,,,,Honduras,,,,,,,,,,
9.0,Secretaria de Salud,37.0,Organizaciones,Secretaria de Salud de Honduras,https://covid19honduras.org/?q=precios-maximos-canasta-basica,"Comunicado Oficial del Gobierno de Honduras ""Tegucigalpa, 27 de marzo. Desde ayer jueves está vigente el acuerdo del Gobierno de la República, a través de la Secretaría de Desarrollo Económico, que estableció precios máximos de venta al público de los 30 productos que componen la canasta básica alimentaria como medida de apoyo la población que está afectada debido a la emergencia sanitaria por el coronavirus.""",2020-03-27 00:00:00,2020-03-28,,"Internacional, Honduras",https://covid19honduras.org/,,,,,Honduras,,,,,,,,,,
10.0,telesurtv,38.0,Organizaciones,Diario,https://www.telesurtv.net/news/honduras-decreta-toque-queda-coronavirus-20200317-0002.html,"Noticia 17/03/2020 ""
Gobierno hondureño declara toque de queda por coronavirus"" ""En aplicación del decreto de suspensión de garantías (...) se declara toque de queda a nivel nacional y absoluto""  Julián Pacheco, ministro de Seguridad de Honduras. ",2020-03-17 00:00:00,2020-03-28,,"Internacional, Honduras",https://www.telesurtv.net/,,,,,Honduras,,,,,,,,,,
11.0,El Heraldo,39.0,Organizaciones,El Heraldo diario,https://www.elheraldo.hn/especiales/coronavirus/1363047-528/qu%C3%A9-debo-hacer-si-creo-tener-s%C3%ADntomas-de-coronavirus,"Noticia 11/03/2020 ""¿Qué debo hacer si creo tener síntomas de coronavirus?"" (muestra el número al que llamar, 911 de urgencias para hacer cualquier consulta)",2020-03-11 00:00:00,2020-03-28,,"Internacional, Honduras",https://www.elheraldo.hn/especiales/coronavirus/1363047-528/qu%C3%A9-debo-hacer-si-creo-tener-s%C3%ADntomas-de-coronavirus,,,,,Honduras,,,,,,,,,,
12.0,MINSA,40.0,Organizaciones,Ministerio de Salud de Nicaragua (MINSA),http://www.minsa.gob.ni/,"Muestra información a grandes rasgos, no tiene un área de información particular sobre el Coronavirus ",,2020-03-28,,"Internacional, Nicaragua",http://www.minsa.gob.ni/,,,,,Nicaragua,,,,,,,,,,
12.0,MINSA,41.0,Organizaciones,Ministerio de Salud de Nicaragua (MINSA),http://www.minsa.gob.ni/images/stories/Cov-19.png,Imagen de número destinado a atender consultas sobre el Coronavirus en Nicaragua (8418-9953),,2020-03-28,,"Internacional, Nicaragua",http://www.minsa.gob.ni/,,,,,Nicaragua,,,,,,,,,,
12.0,MINSA,42.0,Organizaciones,Ministerio de Salud de Nicaragua (MINSA),"http://www.minsa.gob.ni/index.php/repository/func-download/8482/chk,5a213eebcf0d5b2190ebdf0fd339f2d2/no_html,1/","Link de descarga PDF ofical sobre medidas frente al Coronavirus en Nicaragua, firmado por la Ministra de Salud, Dra. Carolina Dávila Murillo",,2020-03-28,,"Internacional, Nicaragua",http://www.minsa.gob.ni/,,,,,Nicaragua,,,,,,,,,,
12.0,MINSA,43.0,Organizaciones,Ministerio de Salud de Nicaragua (MINSA),http://www.minsa.gob.ni/index.php/110-noticias-2020/5142-situacion-del-coronavirus-al-26-de-marzo,"Noticia del 26/03/2020 compartida por el MINSA ""SITUACIÓN DEL CORONAVIRUS AL 26 DE MARZO"" “que en este momento no tenemos transmisión local comunitaria” Dr. Carlos Sáenz, Secretario General del Ministerio de Salud de Nicaragua",2020-03-26 00:00:00,2020-03-28,,"Internacional, Nicaragua",http://www.minsa.gob.ni/,,,,,Nicaragua,,,,,,,,,,
13.0,Ministerio de Salud ,44.0,Organizaciones,Ministerio de Salud de Costa Rica ,https://www.ministeriodesalud.go.cr/index.php/centro-de-prensa/noticias/741-noticias-2020/1532-lineamientos-nacionales-para-la-vigilancia-de-la-infeccion-por-coronavirus-2019-ncov,"Esta página tiene concentrada toda la información del gobierno de Costa Rica en cuanto a COVID-19, en a parte ""Situación Nacional COVID-19"" Aparecen actualizaciones en PDF diarias sobre la situación nacional ",Diario,2020-03-28,,"Internacional, Costa Rica ",https://www.ministeriodesalud.go.cr/,,,,,Costa Rica,,,,,,,,,,
13.0,Ministerio de Salud ,45.0,Organizaciones,Ministerio de Salud de Costa Rica ,http://geovision.uned.ac.cr/oges/,Mapa geolocalizado sobre el estado nacional del Coronavirus en Costa Rica,Diario,2020-03-28,,"Internacional, Costa Rica ",https://www.ministeriodesalud.go.cr/,,,,,Costa Rica,,,,,,,,,,
13.0,Ministerio de Salud ,46.0,Organizaciones,Ministerio de Salud de Costa Rica ,https://www.ministeriodesalud.go.cr/index.php/centro-de-prensa/noticias/741-noticias-2020/1588-gobierno-amplia-restriccion-vehicular-sanitaria-a-partir-de-las-8-p-m-fines-de-semana,"Noticia 27/03/2020 publicado por el ministerio de salud, ""Gobierno amplía restricción vehicular sanitaria a partir de las 8 p.m. fines de semana"" “Entre más rápido acatemos los lineamientos menos personas saldrán afectadas, estamos salvando vidas y esa es la manera en la que todos podemos colaborar. Hacemos un llamado una vez más a que por favor colabore con la policía y con las demás autoridades que están en calle resguardando su integridad para mitigar los efectos del virus” Michael Soto, ministro de Seguridad Pública de Costa Rica",2020-03-27 00:00:00,2020-03-28,,"Internacional, Costa Rica ",https://www.ministeriodesalud.go.cr/,,,,,Costa Rica,,,,,,,,,,
14.0,El observador,47.0,Organizaciones,Diario de Puerto Rico,https://observador.cr/noticia/salud-habilita-linea-telefonica-para-evacuar-consultas-sobre-el-coronavirus/,"Noticia del 13/03/2020 muestra los número de telefonos a llamar para hacer consultas sobre el coronavirus, línea 1322 y línea de emergencias general 911  ",2020-03-13 00:00:00,2020-03-28,,"Internacional, Costa Rica ",https://observador.cr/,,,,,Costa Rica,,,,,,,,,,
15.0,MINSA,48.0,Organizaciones,Ministerio de Salud de Panamá ,http://minsa.gob.pa/coronavirus-covid19,Esta página muestra en tiempo real una gráfica sobre la evolución del Coronavirus en Panamá,Diario,2020-03-28,,"Internacional, Panamá",http://www.minsa.gob.pa/,,,,,Panamá,,,,,,,,,,
15.0,MINSA,49.0,Organizaciones,Ministerio de Salud de Panamá ,http://www.minsa.gob.pa/destacado/coronavirus-covid-19,"Página que muestra actualizaciones sobre programas, medidas preventivas, etc. Que toma el Gobierno de Panamá frente al Coronavirus",2020-01-30 00:00:00,2020-03-28,,"Internacional, Panamá",http://www.minsa.gob.pa/,,,,,Panamá,,,,,,,,,,
15.0,MINSA,50.0,Organizaciones,Ministerio de Salud de Panamá ,https://yomeinformopma.org/,"Web especialmente dedicada al Coronavirus en Panamá, muestra el conteo diario de casos, datos sobre prevención y las líneas a las cuales llamar en caso de consulta (169 y 6997-1234 vía whatsApp)",,2020-03-28,,"Internacional, Panamá",http://www.minsa.gob.pa/,,,,,Panamá,,,,,,,,,,
16.0,MINSAL,51.0,Organizaciones,Ministerio de Salud de El Salvador,https://covid19.gob.sv/,"Plataforma especialmente dirigida al coronavirus por parte del ministererio de salud de El Salvador, muestra el avance diario del COVID-19 en el país, además de gáficas sobre el género, grupo etario, país de procedencia, etc. De los infectados",Diario,2020-03-29,,"Internacional, El Salvador",https://covid19.gob.sv/,,,,,El Salvador,,,,,,,,,,
16.0,MINSAL,52.0,Organizaciones,Ministerio de Salud de El Salvador,https://covid19.presidencia.gob.sv/,Declaraciones oficiales del Gobierno por medio de su presidente de la republica en cuanto al Coronavirus,,2020-03-29,,"Internacional, El Salvador",https://covid19.gob.sv/,,,,,El Salvador,,,,,,,,,,
16.0,MINSAL,53.0,Organizaciones,Ministerio de Salud de El Salvador,https://covid19.gob.sv/orientaciones-tecnicas/,"Web oficial del COVID-19 en El Salvador, pestaña de ""Orientaciones Técnicas"" muestra el número donde hay que llamar en caso de consultas (132) además de Actualizaciones de PDF sobre reportes de la situación de coronavirus en el país",Diario,2020-03-29,,"Internacional, El Salvador",https://covid19.gob.sv/,,,,,El Salvador,,,,,,,,,,
16.0,Twitter,54.0,Organizaciones,Twitter,https://twitter.com/nayibbukele/status/1242811125227499521,"Twitter Oficial del Presidente de El Salvador Nayib Burkele ""El mundo no está haciendo lo suficiente para detener el virus. Su avance es implacable y ya tiene a los países más poderosos de rodillas. Nosotros tampoco hacemos lo suficiente. Lo peor es que hay quienes reclaman que estamos siendo muy estrictos. No han entendido nada""",2020-03-28 00:00:00,2020-03-29,,"Internacional, El Salvador",https://twitter.com/,,,,,El Salvador,,,,,,,,,,
17.0,Diatintas Latitudes ,55.0,Organizaciones,Conjunto de medios Mexicanos unidos para recopilar información ,https://distintaslatitudes.net/explicadores/coronavirus-america-latina,"Qué pasos debo seguir si tengo sintomas de coronavirus, recopilación de diferentes países ",2020-03-19 00:00:00,2020-03-29,,Internacional,https://distintaslatitudes.net/,,,,,,,,,,,,,,,
17.0,Diatintas Latitudes ,56.0,Organizaciones,Conjunto de medios Mexicanos unidos para recopilar información ,https://distintaslatitudes.net/explicadores/coronavirus-america-latina,"Dónde llamar si tengo sintomas/consultas en Brasil (136 para preguntas, 192 Samu) Precio de la prueba de COVID-19 hasta US$500",2020-03-19 00:00:00,2020-03-29,,"Internacional, Brasil",https://distintaslatitudes.net/,,,,,Brasil,,,,,,,,,,
17.0,Diatintas Latitudes ,57.0,Organizaciones,Conjunto de medios Mexicanos unidos para recopilar información ,https://distintaslatitudes.net/explicadores/coronavirus-america-latina,"Dónde llamar si tengo sintomas/consultas en Argentina (107 para emergencias, +57(1)3305071 línea atención de desastres) La pureba para COVID-19 es gratuita",2020-03-19 00:00:00,2020-03-29,,"Internacional, Argentina",https://distintaslatitudes.net/,,,,,Argentina,,,,,,,,,,
17.0,Diatintas Latitudes ,58.0,Organizaciones,Conjunto de medios Mexicanos unidos para recopilar información ,https://distintaslatitudes.net/explicadores/coronavirus-america-latina,Dónde llamar si tengo sintomas/consultas en Chile (600 360 77 77 salud responde) el costo de la prueba va desde gratis a CL$5.600 para los usuarios de FONASA,2020-03-19 00:00:00,2020-03-29,,Nacional,https://distintaslatitudes.net/,,,,,Chile,,,,,,,,,,
17.0,Diatintas Latitudes ,59.0,Organizaciones,Conjunto de medios Mexicanos unidos para recopilar información ,https://distintaslatitudes.net/explicadores/coronavirus-america-latina,Dónde llamar si tengo sintomas/consultas en México (800 00 44 800 Unidad Inteligente Epidemiológica) el costo de la prueba va desde MX$2.000 a max$7.000 (US$100 a US$ 350),2020-03-19 00:00:00,2020-03-29,,"Internacional, México",https://distintaslatitudes.net/,,,,,México,,,,,,,,,,
17.0,Diatintas Latitudes ,60.0,Organizaciones,Conjunto de medios Mexicanos unidos para recopilar información ,https://distintaslatitudes.net/explicadores/coronavirus-america-latina,Dónde llamar si tengo sintomas/consultas en Colombia (Barranquilla: 3733333 / 3175173964 / 3153002003; Bogotá:  3649666; Cali: 5195100 / 5195101 / 5195102; General: 3305041 y 192) La pureba para COVID-19 es gratuita,2020-03-19 00:00:00,2020-03-29,,"Internacional, Colombia",https://distintaslatitudes.net/,,,,,Colombia,,,,,,,,,,
17.0,Diatintas Latitudes ,61.0,Organizaciones,Conjunto de medios Mexicanos unidos para recopilar información ,https://distintaslatitudes.net/explicadores/coronavirus-america-latina,"Dónde llamar si tengo sintomas/consultas en Paraguay (0983 879 275 154, 911 telefono de emergencias)  La pureba para COVID-19 es gratuita",2020-03-19 00:00:00,2020-03-29,,"Internacional, Paraguay",https://distintaslatitudes.net/,,,,,Paraguay,,,,,,,,,,
17.0,Diatintas Latitudes ,62.0,Organizaciones,Conjunto de medios Mexicanos unidos para recopilar información ,https://distintaslatitudes.net/explicadores/coronavirus-america-latina,"Dónde llamar si tengo sintomas/consultas en Cuba (7 83 33 50, 7 834 43 41) La pureba para COVID-19 es gratuita",2020-03-19 00:00:00,2020-03-29,,"Internacional, Cuba",https://distintaslatitudes.net/,,,,,Cuba,,,,,,,,,,
17.0,Diatintas Latitudes ,63.0,Organizaciones,Conjunto de medios Mexicanos unidos para recopilar información ,https://distintaslatitudes.net/explicadores/coronavirus-america-latina,Dónde llamar si tengo sintomas/consultas en Perú (113 y WhatsApp +51 95 2842623),2020-03-19 00:00:00,2020-03-29,,"Internacional, Perú",https://distintaslatitudes.net/,,,,,Perú,,,,,,,,,,
18.0,CNN,64.0,Organizaciones,CNN latinoamerica ,https://cnnespanol.cnn.com/2020/03/06/conoce-donde-puedes-encontrar-ayuda-en-tu-pais-para-presuntos-casos-de-coronavirus/,Dónde llamar si tengo síntomas/consultas en Reública Dominicana (809-686-9140 y 1-809-200-4091),2020-03-06 00:00:00,2020-03-29,,"Internacional, República Dominicana",https://cnnespanol.cnn.com/,,,,,República Dominicana,,,,,,,,,,
,,,,,,Dónde llamar si tengo síntomas/consultas en Puerto Rico (311),2020-03-06 00:00:00,2020-03-29,,"Internacional, Puerto Rico",https://cnnespanol.cnn.com/,,,,,Puerto Rico,,,,,,,,,,
