Contenido,IR,Fecha,Dispositivo,Likes,Retweets,Entidad,Hora,Foto
"Donar sangre es donar vida.
Si vas a salir, haz que valga la pena. Si tu comuna est√° en cuarentena puedes pedir tu‚Ä¶ https://t.co/oNO33lIjSr",https://twitter.com/i/web/status/1254802486226939911,27/04/2020 12:00:00,TweetDeck,1,1,Instituto de Salud P√∫blica de Chile,12:00:00,http://pbs.twimg.com/profile_images/1219288777228681216/DWTCW08o.jpg
"RT @ministeriosalud: Subsec @arturozunigaj:

""Tenemos un stock que nos llega diariamente y hemos podido realizar 6.000 ex√°menes diarios, en‚Ä¶",https://twitter.com/i/web/status/1254811704766103553,27/04/2020 12:36:38,Twitter Web App,0,11,Super de Salud Chile,12:36:38,http://pbs.twimg.com/profile_images/986969865830518784/gbIFCMKC.jpg
"RT @ministeriosalud: ""Vamos a informar de forma transparente a la ciudadan√≠a cuando los equipos o insumos que estamos trayendo una vez que‚Ä¶",https://twitter.com/i/web/status/1254811719349788672,27/04/2020 12:36:41,Twitter Web App,0,17,Super de Salud Chile,12:36:41,http://pbs.twimg.com/profile_images/986969865830518784/gbIFCMKC.jpg
"Si tienes a un miembro del hogar diagnosticado con COVID 19, es muy importante que adoptes las siguientes medidas:‚Ä¶ https://t.co/5A4gPN6RqN",https://twitter.com/i/web/status/1254817584693702656,27/04/2020 13:00:00,TweetDeck,4,1,Instituto de Salud P√∫blica de Chile,13:00:00,http://pbs.twimg.com/profile_images/1219288777228681216/DWTCW08o.jpg
"@DanielaRowlands Hola, buenas tardes. Te dejamos un mensaje directo.",https://twitter.com/i/web/status/1254819628347424768,27/04/2020 13:08:07,Twitter Web App,1,0,Super de Salud Chile,13:08:07,http://pbs.twimg.com/profile_images/986969865830518784/gbIFCMKC.jpg
"¬øSab√≠as que la @SuperDeSalud estableci√≥ normas para las consultas y prestaciones de salud remotas?
As√≠ es! 
Con est‚Ä¶ https://t.co/yqbeupCeCd",https://twitter.com/i/web/status/1254826130755944448,27/04/2020 13:33:57,Twitter Web App,0,0,Super de Salud Chile,13:33:57,http://pbs.twimg.com/profile_images/986969865830518784/gbIFCMKC.jpg
"Conoce m√°s sobre esta nueva medida en https://t.co/YdvmOl5Grx 

 #Cuid√©monosEntreTodos https://t.co/z9kj81joJz",https://twitter.com/i/web/status/1254832688776671233,27/04/2020 14:00:01,TweetDeck,0,1,Instituto de Salud P√∫blica de Chile,14:00:01,http://pbs.twimg.com/profile_images/1219288777228681216/DWTCW08o.jpg
"S√∫mate a #YoSirvoAMiPa√≠sEnLaEmergencia 

¬øEres profesional o t√©cnico de salud, y quieres trabajar durante la emerge‚Ä¶ https://t.co/3p4bEmuwQs",https://twitter.com/i/web/status/1254844152950513664,27/04/2020 14:45:34,Twitter Web App,0,1,Super de Salud Chile,14:45:34,http://pbs.twimg.com/profile_images/986969865830518784/gbIFCMKC.jpg
"Si est√°s en aislamiento domiciliario, es muy importante mantener las medidas de prevenci√≥n en el hogar.

- L√°vate l‚Ä¶ https://t.co/gjwhrQcFKy",https://twitter.com/i/web/status/1254847785045651457,27/04/2020 15:00:00,TweetDeck,0,1,Instituto de Salud P√∫blica de Chile,15:00:00,http://pbs.twimg.com/profile_images/1219288777228681216/DWTCW08o.jpg
"RT @ministeriosalud: #DonemosSangre y #Cuid√©monosEntreTodos

Si vas a salir, haz que valga la pena. Si est√°s en zonas con cuarentena, recue‚Ä¶",https://twitter.com/i/web/status/1254856386782982144,27/04/2020 15:34:11,Twitter Web App,0,13,Super de Salud Chile,15:34:11,http://pbs.twimg.com/profile_images/986969865830518784/gbIFCMKC.jpg
RT @ministeriosalud: Llegan a Chile 200 mil nuevos kits diagn√≥sticos para detecci√≥n de #COVID_19  https://t.co/bjTzIX2brk #PlanCoronavirus,https://twitter.com/i/web/status/1254858090362609665,27/04/2020 15:40:57,Twitter for iPhone,0,12,Instituto de Salud P√∫blica de Chile,15:40:57,http://pbs.twimg.com/profile_images/1219288777228681216/DWTCW08o.jpg
"RT @Cenabast: Revisa el informe ""Factor de Completitud de la Informaci√≥n"" para proveedores, correspondiente a las bases 341 del mes de abri‚Ä¶",https://twitter.com/i/web/status/1254858115817897985,27/04/2020 15:41:03,Twitter for iPhone,0,3,Instituto de Salud P√∫blica de Chile,15:41:03,http://pbs.twimg.com/profile_images/1219288777228681216/DWTCW08o.jpg
"Recuerda que la vacuna contra la influenza es gratuita para personas mayores de 65 a√±os, ni√±os y ni√±as desde los 6‚Ä¶ https://t.co/9c8iFgdiBA",https://twitter.com/i/web/status/1254862883877294080,27/04/2020 16:00:00,TweetDeck,1,2,Instituto de Salud P√∫blica de Chile,16:00:00,http://pbs.twimg.com/profile_images/1219288777228681216/DWTCW08o.jpg
RT @ministeriosalud: Conoce la campa√±a del @MinMujeryEG #Mascarilla19 que busca proteger a toda mujer que est√© en riesgo o sienta que su vi‚Ä¶,https://twitter.com/i/web/status/1254867368456491008,27/04/2020 16:17:49,Twitter Web App,0,13,Instituto de Salud P√∫blica de Chile,16:17:49,http://pbs.twimg.com/profile_images/1219288777228681216/DWTCW08o.jpg
RT @pdazan: Esperamos que para este fin de semana largo nadie se desplace a otras ciudades. Est√° prohibido habitar segundas viviendas y est‚Ä¶,https://twitter.com/i/web/status/1254867415977979904,27/04/2020 16:18:00,Twitter Web App,0,76,Instituto de Salud P√∫blica de Chile,16:18:00,http://pbs.twimg.com/profile_images/1219288777228681216/DWTCW08o.jpg
¬øSab√≠as que a partir del 4 de mayo ser√° mucho m√°s f√°cil reclamar por el alza del precio base de tu plan de salud?‚Ä¶ https://t.co/PNf2vKxwPD,https://twitter.com/i/web/status/1254869416585695233,27/04/2020 16:25:57,Twitter Web App,11,14,Super de Salud Chile,16:25:57,http://pbs.twimg.com/profile_images/986969865830518784/gbIFCMKC.jpg
RT @pdazan: Esperamos que para este fin de semana largo nadie se desplace a otras ciudades. Est√° prohibido habitar segundas viviendas y est‚Ä¶,https://twitter.com/i/web/status/1254870341874302978,27/04/2020 16:29:38,Twitter Web App,0,76,Super de Salud Chile,16:29:38,http://pbs.twimg.com/profile_images/986969865830518784/gbIFCMKC.jpg
"RT @SuperDeSalud: ¬øSab√≠as que a partir del 4 de mayo ser√° mucho m√°s f√°cil reclamar por el alza del precio base de tu plan de salud?

Pon at‚Ä¶",https://twitter.com/i/web/status/1254871089634619394,27/04/2020 16:32:36,TweetDeck,0,14,Ministerio de Salud,16:32:36,http://pbs.twimg.com/profile_images/1240679830183649288/S94zI3Yu.jpg
Gobierno recibe 200 mil nuevos kit de diagn√≥stico para detectar #COVID_19 donados por CPC https://t.co/XRc6BKVyqI,https://twitter.com/i/web/status/1254872957580488708,27/04/2020 16:40:02,Twitter Web Client,29,17,Ministerio de Salud,16:40:02,http://pbs.twimg.com/profile_images/1240679830183649288/S94zI3Yu.jpg
"#Cuid√©monosEntreTodos y en especial a nuestras personas mayores que est√°n en aislamiento.

Mantengamos contacto fre‚Ä¶ https://t.co/C1VhkJNY0N",https://twitter.com/i/web/status/1254877984810393600,27/04/2020 17:00:00,Twitter Media Studio,3,3,Ministerio de Salud,17:00:00,http://pbs.twimg.com/profile_images/1240679830183649288/S94zI3Yu.jpg
RT @ministeriosalud: Conoce la campa√±a del @MinMujeryEG #Mascarilla19 que busca proteger a toda mujer que est√© en riesgo o sienta que su vi‚Ä¶,https://twitter.com/i/web/status/1254878288482271232,27/04/2020 17:01:13,Twitter Web App,0,13,Super de Salud Chile,17:01:13,http://pbs.twimg.com/profile_images/986969865830518784/gbIFCMKC.jpg
"RT @SSaludOsorno: #Video ‚ÄúLa seguridad de la atenci√≥n es de nuestras principales preocupaciones‚Äù, recalc√≥ Director del @SSaludOsorno, Dr. D‚Ä¶",https://twitter.com/i/web/status/1254879776575275016,27/04/2020 17:07:07,Twitter for iPhone,0,6,Ministerio de Salud,17:07:07,http://pbs.twimg.com/profile_images/1240679830183649288/S94zI3Yu.jpg
"RT @FACh_Chile: Debido a la cuarentena que rige en la ciudad de #PuntaArenas producto del #COVID19, personal del IV¬™ Brigada A√©rea #FACh ap‚Ä¶",https://twitter.com/i/web/status/1254879899535527936,27/04/2020 17:07:37,Twitter for iPhone,0,20,Ministerio de Salud,17:07:37,http://pbs.twimg.com/profile_images/1240679830183649288/S94zI3Yu.jpg
"RT @SeremiSaludRM: Respeta la cuarentena en tu hogar, es una obligaci√≥n. 

#Cuid√©monosentretodos.

Denuncia en https://t.co/TMt3CLFHPn para‚Ä¶",https://twitter.com/i/web/status/1254881543413272576,27/04/2020 17:14:09,Twitter Web App,0,2,Super de Salud Chile,17:14:09,http://pbs.twimg.com/profile_images/986969865830518784/gbIFCMKC.jpg
"RT @pdazan: En VC con la Comisi√≥n de DD.HH del Senado, entregando informaci√≥n sobre la situaci√≥n de los recintos carcelarios y las medidas‚Ä¶",https://twitter.com/i/web/status/1254883974922620929,27/04/2020 17:23:48,Twitter for iPhone,0,7,Ministerio de Salud,17:23:48,http://pbs.twimg.com/profile_images/1240679830183649288/S94zI3Yu.jpg
"El presidente de nuestro #ColmedConcepci√≥n, Dr. Germ√°n @acuna_game entreg√≥ hoy 500 mascarillas al Alcalde de‚Ä¶ https://t.co/ikZarnN7WD",https://twitter.com/i/web/status/1254887450104803328,27/04/2020 17:37:37,Twitter Web App,6,6,Colmed Chile,17:37:37,http://pbs.twimg.com/profile_images/1245851467891736576/TayMmMjI.jpg
"RT @opsargentina: Estar vacunado es especialmente importante cuando sistemas los de salud üè•est√°n enfrentando #COVID19
Hagamos nuestra parte‚Ä¶",https://twitter.com/i/web/status/1254887710164168704,27/04/2020 17:38:39,Twitter for iPhone,0,11,OPS/OMS,17:38:39,http://pbs.twimg.com/profile_images/1096094749902028801/ijbQWupW.png
"RT @OPSOMSBolivia: üíõAma. 
üôÇConf√≠a. 
üõ°Ô∏èProtege. 

#Vacunate

https://t.co/hmde3mTYpu 

#SaludParaTodos https://t.co/aU1mXqMNBT",https://twitter.com/i/web/status/1254887729235623937,27/04/2020 17:38:43,Twitter for iPhone,0,4,OPS/OMS,17:38:43,http://pbs.twimg.com/profile_images/1096094749902028801/ijbQWupW.png
RT @OPSOMSPeru: #YoMeQuedoEnCasa Compartimos un cuento para leer en familia como una herramienta did√°ctica que da pie para hablar de la con‚Ä¶,https://twitter.com/i/web/status/1254887743093686275,27/04/2020 17:38:47,Twitter for iPhone,0,6,OPS/OMS,17:38:47,http://pbs.twimg.com/profile_images/1096094749902028801/ijbQWupW.png
"RT @opsomsuruguay: üü© 7 recomendaciones b√°sicas para prevenirte del coronavirus

Aunque puedan sonar repetitivos, seguir estos consejos podr‚Ä¶",https://twitter.com/i/web/status/1254887807044239365,27/04/2020 17:39:02,Twitter for iPhone,0,41,OPS/OMS,17:39:02,http://pbs.twimg.com/profile_images/1096094749902028801/ijbQWupW.png
RT @OPSOMSBolivia: El temor üò® y la ansiedad ‚òπÔ∏è con respecto a una enfermedad pueden ser agobiantes üò´y generar emociones fuertes üò≠. Habla üí¨‚Ä¶,https://twitter.com/i/web/status/1254887816988897280,27/04/2020 17:39:04,Twitter for iPhone,0,8,OPS/OMS,17:39:04,http://pbs.twimg.com/profile_images/1096094749902028801/ijbQWupW.png
"RT @OPSOMSBolivia: Las mujeres con la #COVID19 pueden amamantar si lo desean,  siguiendo estas recomendaciones: https://t.co/3SjLsQcPMv",https://twitter.com/i/web/status/1254887894747054081,27/04/2020 17:39:23,Twitter for iPhone,0,18,OPS/OMS,17:39:23,http://pbs.twimg.com/profile_images/1096094749902028801/ijbQWupW.png
"RT @OPASOMSBrasil: üëµüèøüë¥üèª Durante a pandemia de #COVID19, pessoas idosas, principalmente as que sofrem com condi√ß√µes como a dem√™ncia, podem f‚Ä¶",https://twitter.com/i/web/status/1254888039412830215,27/04/2020 17:39:57,Twitter for iPhone,0,5,OPS/OMS,17:39:57,http://pbs.twimg.com/profile_images/1096094749902028801/ijbQWupW.png
"RT @OPSOMSMexico: Inf√≥rmate siempre a trav√©s de fuentes confiables @opsoms @who @SSalud_mx 

#OnuMxCOVID19 
#SaludParaTodos https://t.co/hX‚Ä¶",https://twitter.com/i/web/status/1254888109810110469,27/04/2020 17:40:14,Twitter for iPhone,0,29,OPS/OMS,17:40:14,http://pbs.twimg.com/profile_images/1096094749902028801/ijbQWupW.png
"RT @OPSOMSPeru: Estar frente a la #COVID19 puede causar una estigmatizaci√≥n innecesaria , incluso la de tu familia, amigos y otros trabajad‚Ä¶",https://twitter.com/i/web/status/1254888190479142914,27/04/2020 17:40:33,Twitter for iPhone,0,15,OPS/OMS,17:40:33,http://pbs.twimg.com/profile_images/1096094749902028801/ijbQWupW.png
"""Yo sirvo a mi pa√≠s"" es la nueva plataforma para que el @ministeriosalud  pueda tener un registro de profesionales‚Ä¶ https://t.co/hBLYUNRM8H",https://twitter.com/i/web/status/1254891259937857536,27/04/2020 17:52:45,Twitter Web App,17,15,Colmed Chile,17:52:45,http://pbs.twimg.com/profile_images/1245851467891736576/TayMmMjI.jpg
"Recuerda las medidas sanitarias vigentes que est√°n implementadas en comunas y zonas de nuestros pa√≠s, a trav√©s del‚Ä¶ https://t.co/R6vieCUICJ",https://twitter.com/i/web/status/1254893082140643333,27/04/2020 18:00:00,Twitter Media Studio,1,1,Ministerio de Salud,18:00:00,http://pbs.twimg.com/profile_images/1240679830183649288/S94zI3Yu.jpg
"Conoce m√°s sobre esta nueva medida en https://t.co/YdvmOl5Grx 

 #Cuid√©monosEntreTodos https://t.co/yjSV86h44d",https://twitter.com/i/web/status/1254893082438295552,27/04/2020 18:00:00,TweetDeck,0,0,Instituto de Salud P√∫blica de Chile,18:00:00,http://pbs.twimg.com/profile_images/1219288777228681216/DWTCW08o.jpg
RT @pdazan: El autocuidado es fundamental en tiempos de cuarentena. Debe preocuparse de su salud f√≠sica y mental!! #CuidemonosEntreTodos ht‚Ä¶,https://twitter.com/i/web/status/1254894361545973760,27/04/2020 18:05:05,Twitter for iPhone,0,12,Ministerio de Salud,18:05:05,http://pbs.twimg.com/profile_images/1240679830183649288/S94zI3Yu.jpg
Hoy firmamos un convenio de colaboraci√≥n t√©cnica con @EpistemonikosEs para profundizar el trabajo conjunto que hemo‚Ä¶ https://t.co/KaZpFe87nW,https://twitter.com/i/web/status/1254895934024146945,27/04/2020 18:11:20,Twitter Web App,58,16,Colmed Chile,18:11:20,http://pbs.twimg.com/profile_images/1245851467891736576/TayMmMjI.jpg
RT @EpistemonikosEs: Hoy consolidamos nuestro acuerdo con @colmedchile para seguir acercando la evidencia al gremio y apoyar sus decisiones‚Ä¶,https://twitter.com/i/web/status/1254901171694833664,27/04/2020 18:32:08,Twitter Web App,0,21,Colmed Chile,18:32:08,http://pbs.twimg.com/profile_images/1245851467891736576/TayMmMjI.jpg
"RT @marcelopellet: Aportar evidencia cient√≠fica a los tomadores de decisiones es uno de nuestros principales objetivos como organizaci√≥n, s‚Ä¶",https://twitter.com/i/web/status/1254901192414711808,27/04/2020 18:32:13,Twitter Web App,0,9,Colmed Chile,18:32:13,http://pbs.twimg.com/profile_images/1245851467891736576/TayMmMjI.jpg
Junto a @Achipec invitamos a los medios y profesionales del √°rea a #ComunicarResponsable en el contexto de la pande‚Ä¶ https://t.co/OtzCbw1fon,https://twitter.com/i/web/status/1254902113446084608,27/04/2020 18:35:53,Twitter Web App,12,10,Colmed Chile,18:35:53,http://pbs.twimg.com/profile_images/1245851467891736576/TayMmMjI.jpg
RT @arturozunigaj: Reuni√≥n semanal con representantes de los gremios de la #salud!!! retroalimentaci√≥n necesaria para el trabajo de las red‚Ä¶,https://twitter.com/i/web/status/1254903853142601729,27/04/2020 18:42:48,Twitter for iPhone,0,9,Ministerio de Salud,18:42:48,http://pbs.twimg.com/profile_images/1240679830183649288/S94zI3Yu.jpg
"RT @ONU_es: La ONU contin√∫a trabajando en todo el mundo para hacer frente a la crisis del #coronavirus.
 
Estos son ejemplos de c√≥mo apoyam‚Ä¶",https://twitter.com/i/web/status/1254905799836655616,27/04/2020 18:50:32,Twitter for iPhone,0,64,OPS/OMS,18:50:32,http://pbs.twimg.com/profile_images/1096094749902028801/ijbQWupW.png
"Si tienes dudas sobre el #COVID_19, realiza tus consultas y recibe orientaci√≥n de salud en nuestros canales oficial‚Ä¶ https://t.co/dmuuus7l05",https://twitter.com/i/web/status/1254908183748816897,27/04/2020 19:00:00,Twitter Media Studio,5,5,Ministerio de Salud,19:00:00,http://pbs.twimg.com/profile_images/1240679830183649288/S94zI3Yu.jpg
RT @izkia: Muchas gracias @EpistemonikosEs por todo el trabajo y por los nuevos proyectos. Necesitamos estar siguiendo muy de cerca la nuev‚Ä¶,https://twitter.com/i/web/status/1254913118314037249,27/04/2020 19:19:37,Twitter Web App,0,31,Colmed Chile,19:19:37,http://pbs.twimg.com/profile_images/1245851467891736576/TayMmMjI.jpg
"RT @EpistemonikosEs: Un gran honor y responsabilidad poder apoyar al gremio y al Colegio M√©dico, desde nuestra vereda de la evidencia, en s‚Ä¶",https://twitter.com/i/web/status/1254914759369134081,27/04/2020 19:26:08,Twitter for iPhone,0,9,Colmed Chile,19:26:08,http://pbs.twimg.com/profile_images/1245851467891736576/TayMmMjI.jpg
RT @Colmedchillan: En m√°s de alguna ocasi√≥n te entregaron un sabio consejo de #Salud. Ahora ellos necesitan que los cuidemos e informemos‚Ä¶,https://twitter.com/i/web/status/1254914771582889985,27/04/2020 19:26:11,Twitter for iPhone,0,2,Colmed Chile,19:26:11,http://pbs.twimg.com/profile_images/1245851467891736576/TayMmMjI.jpg
"RT @colmedtemuco: üìåPorque adem√°s de afectar nuestra salud, esta pandemia est√° generando problemas econ√≥micos para algunos, junto a nuestro‚Ä¶",https://twitter.com/i/web/status/1254914788938985478,27/04/2020 19:26:15,Twitter for iPhone,0,2,Colmed Chile,19:26:15,http://pbs.twimg.com/profile_images/1245851467891736576/TayMmMjI.jpg
