Region,fecha,Recuperado
Arica y Parinacota,2020-03-03,0
Arica y Parinacota,2020-03-04,0
Arica y Parinacota,2020-03-05,0
Arica y Parinacota,2020-03-06,0
Arica y Parinacota,2020-03-07,0
Arica y Parinacota,2020-03-08,0
Arica y Parinacota,2020-03-09,0
Arica y Parinacota,2020-03-10,0
Arica y Parinacota,2020-03-11,0
Arica y Parinacota,2020-03-12,0
Arica y Parinacota,2020-03-13,0
Arica y Parinacota,2020-03-14,0
Arica y Parinacota,2020-03-15,0
Arica y Parinacota,2020-03-16,0
Arica y Parinacota,2020-03-17,0
Arica y Parinacota,2020-03-18,0
Arica y Parinacota,2020-03-19,1
Arica y Parinacota,2020-03-20,1
Arica y Parinacota,2020-03-21,1
Arica y Parinacota,2020-03-22,2
Arica y Parinacota,2020-03-23,2
Arica y Parinacota,2020-03-24,2
Arica y Parinacota,2020-03-25,2
Arica y Parinacota,2020-03-26,3
Arica y Parinacota,2020-03-27,3
Arica y Parinacota,2020-03-28,3
Arica y Parinacota,2020-03-29,4
Arica y Parinacota,2020-03-30,6
Arica y Parinacota,2020-03-31,6
Arica y Parinacota,2020-04-01,6
Arica y Parinacota,2020-04-02,7
Arica y Parinacota,2020-04-03,12
Arica y Parinacota,2020-04-04,12
Arica y Parinacota,2020-04-05,28
Arica y Parinacota,2020-04-06,41
Arica y Parinacota,2020-04-07,53
Arica y Parinacota,2020-04-08,63
Arica y Parinacota,2020-04-09,75
Arica y Parinacota,2020-04-10,87
Arica y Parinacota,2020-04-11,107
Arica y Parinacota,2020-04-12,115
Arica y Parinacota,2020-04-13,115
Arica y Parinacota,2020-04-14,120
Arica y Parinacota,2020-04-15,124
Arica y Parinacota,2020-04-16,129
Arica y Parinacota,2020-04-17,134
Arica y Parinacota,2020-04-18,142
Arica y Parinacota,2020-04-19,145
Arica y Parinacota,2020-04-20,161
Arica y Parinacota,2020-04-21,170
Arica y Parinacota,2020-04-22,180
Arica y Parinacota,2020-04-23,210
Arica y Parinacota,2020-04-24,239
Arica y Parinacota,2020-04-25,245
Arica y Parinacota,2020-04-26,252
Tarapacá,2020-03-03,0
Tarapacá,2020-03-04,0
Tarapacá,2020-03-05,0
Tarapacá,2020-03-06,0
Tarapacá,2020-03-07,0
Tarapacá,2020-03-08,0
Tarapacá,2020-03-09,0
Tarapacá,2020-03-10,0
Tarapacá,2020-03-11,0
Tarapacá,2020-03-12,0
Tarapacá,2020-03-13,0
Tarapacá,2020-03-14,0
Tarapacá,2020-03-15,0
Tarapacá,2020-03-16,0
Tarapacá,2020-03-17,0
Tarapacá,2020-03-18,0
Tarapacá,2020-03-19,0
Tarapacá,2020-03-20,0
Tarapacá,2020-03-21,0
Tarapacá,2020-03-22,0
Tarapacá,2020-03-23,1
Tarapacá,2020-03-24,4
Tarapacá,2020-03-25,4
Tarapacá,2020-03-26,5
Tarapacá,2020-03-27,5
Tarapacá,2020-03-28,5
Tarapacá,2020-03-29,6
Tarapacá,2020-03-30,8
Tarapacá,2020-03-31,10
Tarapacá,2020-04-01,10
Tarapacá,2020-04-02,12
Tarapacá,2020-04-03,13
Tarapacá,2020-04-04,17
Tarapacá,2020-04-05,20
Tarapacá,2020-04-06,21
Tarapacá,2020-04-07,23
Tarapacá,2020-04-08,26
Tarapacá,2020-04-09,29
Tarapacá,2020-04-10,35
Tarapacá,2020-04-11,38
Tarapacá,2020-04-12,46
Tarapacá,2020-04-13,52
Tarapacá,2020-04-14,62
Tarapacá,2020-04-15,62
Tarapacá,2020-04-16,66
Tarapacá,2020-04-17,73
Tarapacá,2020-04-18,81
Tarapacá,2020-04-19,90
Tarapacá,2020-04-20,93
Tarapacá,2020-04-21,104
Tarapacá,2020-04-22,114
Tarapacá,2020-04-23,128
Tarapacá,2020-04-24,134
Tarapacá,2020-04-25,143
Tarapacá,2020-04-26,156
Antofagasta,2020-03-03,0
Antofagasta,2020-03-04,0
Antofagasta,2020-03-05,0
Antofagasta,2020-03-06,0
Antofagasta,2020-03-07,0
Antofagasta,2020-03-08,0
Antofagasta,2020-03-09,0
Antofagasta,2020-03-10,0
Antofagasta,2020-03-11,0
Antofagasta,2020-03-12,0
Antofagasta,2020-03-13,0
Antofagasta,2020-03-14,2
Antofagasta,2020-03-15,2
Antofagasta,2020-03-16,2
Antofagasta,2020-03-17,2
Antofagasta,2020-03-18,2
Antofagasta,2020-03-19,2
Antofagasta,2020-03-20,6
Antofagasta,2020-03-21,10
Antofagasta,2020-03-22,11
Antofagasta,2020-03-23,11
Antofagasta,2020-03-24,13
Antofagasta,2020-03-25,19
Antofagasta,2020-03-26,20
Antofagasta,2020-03-27,21
Antofagasta,2020-03-28,25
Antofagasta,2020-03-29,27
Antofagasta,2020-03-30,35
Antofagasta,2020-03-31,35
Antofagasta,2020-04-01,39
Antofagasta,2020-04-02,47
Antofagasta,2020-04-03,54
Antofagasta,2020-04-04,55
Antofagasta,2020-04-05,60
Antofagasta,2020-04-06,68
Antofagasta,2020-04-07,69
Antofagasta,2020-04-08,77
Antofagasta,2020-04-09,92
Antofagasta,2020-04-10,110
Antofagasta,2020-04-11,117
Antofagasta,2020-04-12,138
Antofagasta,2020-04-13,149
Antofagasta,2020-04-14,155
Antofagasta,2020-04-15,176
Antofagasta,2020-04-16,192
Antofagasta,2020-04-17,211
Antofagasta,2020-04-18,226
Antofagasta,2020-04-19,249
Antofagasta,2020-04-20,263
Antofagasta,2020-04-21,291
Antofagasta,2020-04-22,326
Antofagasta,2020-04-23,340
Antofagasta,2020-04-24,366
Antofagasta,2020-04-25,391
Antofagasta,2020-04-26,443
Atacama,2020-03-03,0
Atacama,2020-03-04,0
Atacama,2020-03-05,0
Atacama,2020-03-06,0
Atacama,2020-03-07,0
Atacama,2020-03-08,0
Atacama,2020-03-09,0
Atacama,2020-03-10,0
Atacama,2020-03-11,0
Atacama,2020-03-12,0
Atacama,2020-03-13,0
Atacama,2020-03-14,1
Atacama,2020-03-15,1
Atacama,2020-03-16,1
Atacama,2020-03-17,1
Atacama,2020-03-18,1
Atacama,2020-03-19,1
Atacama,2020-03-20,1
Atacama,2020-03-21,1
Atacama,2020-03-22,1
Atacama,2020-03-23,1
Atacama,2020-03-24,1
Atacama,2020-03-25,1
Atacama,2020-03-26,1
Atacama,2020-03-27,1
Atacama,2020-03-28,1
Atacama,2020-03-29,2
Atacama,2020-03-30,2
Atacama,2020-03-31,2
Atacama,2020-04-01,3
Atacama,2020-04-02,3
Atacama,2020-04-03,5
Atacama,2020-04-04,5
Atacama,2020-04-05,5
Atacama,2020-04-06,5
Atacama,2020-04-07,6
Atacama,2020-04-08,8
Atacama,2020-04-09,10
Atacama,2020-04-10,13
Atacama,2020-04-11,13
Atacama,2020-04-12,13
Atacama,2020-04-13,13
Atacama,2020-04-14,13
Atacama,2020-04-15,13
Atacama,2020-04-16,13
Atacama,2020-04-17,13
Atacama,2020-04-18,13
Atacama,2020-04-19,13
Atacama,2020-04-20,13
Atacama,2020-04-21,13
Atacama,2020-04-22,13
Atacama,2020-04-23,18
Atacama,2020-04-24,21
Atacama,2020-04-25,24
Atacama,2020-04-26,29
Coquimbo,2020-03-03,0
Coquimbo,2020-03-04,0
Coquimbo,2020-03-05,0
Coquimbo,2020-03-06,0
Coquimbo,2020-03-07,0
Coquimbo,2020-03-08,0
Coquimbo,2020-03-09,0
Coquimbo,2020-03-10,0
Coquimbo,2020-03-11,0
Coquimbo,2020-03-12,0
Coquimbo,2020-03-13,0
Coquimbo,2020-03-14,0
Coquimbo,2020-03-15,0
Coquimbo,2020-03-16,0
Coquimbo,2020-03-17,0
Coquimbo,2020-03-18,0
Coquimbo,2020-03-19,2
Coquimbo,2020-03-20,3
Coquimbo,2020-03-21,3
Coquimbo,2020-03-22,5
Coquimbo,2020-03-23,6
Coquimbo,2020-03-24,11
Coquimbo,2020-03-25,12
Coquimbo,2020-03-26,13
Coquimbo,2020-03-27,14
Coquimbo,2020-03-28,15
Coquimbo,2020-03-29,18
Coquimbo,2020-03-30,27
Coquimbo,2020-03-31,28
Coquimbo,2020-04-01,30
Coquimbo,2020-04-02,34
Coquimbo,2020-04-03,35
Coquimbo,2020-04-04,44
Coquimbo,2020-04-05,50
Coquimbo,2020-04-06,51
Coquimbo,2020-04-07,52
Coquimbo,2020-04-08,56
Coquimbo,2020-04-09,61
Coquimbo,2020-04-10,61
Coquimbo,2020-04-11,64
Coquimbo,2020-04-12,66
Coquimbo,2020-04-13,66
Coquimbo,2020-04-14,66
Coquimbo,2020-04-15,66
Coquimbo,2020-04-16,68
Coquimbo,2020-04-17,68
Coquimbo,2020-04-18,68
Coquimbo,2020-04-19,68
Coquimbo,2020-04-20,69
Coquimbo,2020-04-21,69
Coquimbo,2020-04-22,70
Coquimbo,2020-04-23,70
Coquimbo,2020-04-24,72
Coquimbo,2020-04-25,73
Coquimbo,2020-04-26,73
Valparaíso,2020-03-03,0
Valparaíso,2020-03-04,0
Valparaíso,2020-03-05,0
Valparaíso,2020-03-06,0
Valparaíso,2020-03-07,0
Valparaíso,2020-03-08,0
Valparaíso,2020-03-09,0
Valparaíso,2020-03-10,0
Valparaíso,2020-03-11,0
Valparaíso,2020-03-12,0
Valparaíso,2020-03-13,0
Valparaíso,2020-03-14,0
Valparaíso,2020-03-15,0
Valparaíso,2020-03-16,1
Valparaíso,2020-03-17,1
Valparaíso,2020-03-18,1
Valparaíso,2020-03-19,4
Valparaíso,2020-03-20,5
Valparaíso,2020-03-21,13
Valparaíso,2020-03-22,16
Valparaíso,2020-03-23,19
Valparaíso,2020-03-24,25
Valparaíso,2020-03-25,32
Valparaíso,2020-03-26,44
Valparaíso,2020-03-27,49
Valparaíso,2020-03-28,71
Valparaíso,2020-03-29,80
Valparaíso,2020-03-30,108
Valparaíso,2020-03-31,115
Valparaíso,2020-04-01,136
Valparaíso,2020-04-02,156
Valparaíso,2020-04-03,176
Valparaíso,2020-04-04,185
Valparaíso,2020-04-05,191
Valparaíso,2020-04-06,198
Valparaíso,2020-04-07,214
Valparaíso,2020-04-08,225
Valparaíso,2020-04-09,230
Valparaíso,2020-04-10,241
Valparaíso,2020-04-11,248
Valparaíso,2020-04-12,254
Valparaíso,2020-04-13,273
Valparaíso,2020-04-14,285
Valparaíso,2020-04-15,299
Valparaíso,2020-04-16,330
Valparaíso,2020-04-17,345
Valparaíso,2020-04-18,359
Valparaíso,2020-04-19,381
Valparaíso,2020-04-20,388
Valparaíso,2020-04-21,403
Valparaíso,2020-04-22,421
Valparaíso,2020-04-23,429
Valparaíso,2020-04-24,436
Valparaíso,2020-04-25,454
Valparaíso,2020-04-26,460
Metropolitana,2020-03-03,0
Metropolitana,2020-03-04,1
Metropolitana,2020-03-05,2
Metropolitana,2020-03-06,3
Metropolitana,2020-03-07,4
Metropolitana,2020-03-08,6
Metropolitana,2020-03-09,9
Metropolitana,2020-03-10,10
Metropolitana,2020-03-11,14
Metropolitana,2020-03-12,23
Metropolitana,2020-03-13,29
Metropolitana,2020-03-14,40
Metropolitana,2020-03-15,54
Metropolitana,2020-03-16,123
Metropolitana,2020-03-17,152
Metropolitana,2020-03-18,174
Metropolitana,2020-03-19,247
Metropolitana,2020-03-20,304
Metropolitana,2020-03-21,359
Metropolitana,2020-03-22,409
Metropolitana,2020-03-23,459
Metropolitana,2020-03-24,540
Metropolitana,2020-03-25,682
Metropolitana,2020-03-26,746
Metropolitana,2020-03-27,938
Metropolitana,2020-03-28,1084
Metropolitana,2020-03-29,1167
Metropolitana,2020-03-30,1295
Metropolitana,2020-03-31,1420
Metropolitana,2020-04-01,1521
Metropolitana,2020-04-02,1636
Metropolitana,2020-04-03,1742
Metropolitana,2020-04-04,1957
Metropolitana,2020-04-05,2102
Metropolitana,2020-04-06,2244
Metropolitana,2020-04-07,2350
Metropolitana,2020-04-08,2548
Metropolitana,2020-04-09,2832
Metropolitana,2020-04-10,3193
Metropolitana,2020-04-11,3448
Metropolitana,2020-04-12,3599
Metropolitana,2020-04-13,3803
Metropolitana,2020-04-14,4086
Metropolitana,2020-04-15,4334
Metropolitana,2020-04-16,4682
Metropolitana,2020-04-17,4915
Metropolitana,2020-04-18,5192
Metropolitana,2020-04-19,5381
Metropolitana,2020-04-20,5643
Metropolitana,2020-04-21,5788
Metropolitana,2020-04-22,6083
Metropolitana,2020-04-23,6434
Metropolitana,2020-04-24,6761
Metropolitana,2020-04-25,7165
Metropolitana,2020-04-26,7496
O’Higgins,2020-03-03,0
O’Higgins,2020-03-04,0
O’Higgins,2020-03-05,0
O’Higgins,2020-03-06,0
O’Higgins,2020-03-07,0
O’Higgins,2020-03-08,0
O’Higgins,2020-03-09,0
O’Higgins,2020-03-10,0
O’Higgins,2020-03-11,0
O’Higgins,2020-03-12,0
O’Higgins,2020-03-13,0
O’Higgins,2020-03-14,0
O’Higgins,2020-03-15,0
O’Higgins,2020-03-16,0
O’Higgins,2020-03-17,0
O’Higgins,2020-03-18,0
O’Higgins,2020-03-19,2
O’Higgins,2020-03-20,6
O’Higgins,2020-03-21,7
O’Higgins,2020-03-22,8
O’Higgins,2020-03-23,8
O’Higgins,2020-03-24,9
O’Higgins,2020-03-25,11
O’Higgins,2020-03-26,14
O’Higgins,2020-03-27,16
O’Higgins,2020-03-28,20
O’Higgins,2020-03-29,21
O’Higgins,2020-03-30,21
O’Higgins,2020-03-31,23
O’Higgins,2020-04-01,26
O’Higgins,2020-04-02,32
O’Higgins,2020-04-03,33
O’Higgins,2020-04-04,38
O’Higgins,2020-04-05,41
O’Higgins,2020-04-06,42
O’Higgins,2020-04-07,42
O’Higgins,2020-04-08,43
O’Higgins,2020-04-09,44
O’Higgins,2020-04-10,44
O’Higgins,2020-04-11,45
O’Higgins,2020-04-12,46
O’Higgins,2020-04-13,48
O’Higgins,2020-04-14,53
O’Higgins,2020-04-15,54
O’Higgins,2020-04-16,54
O’Higgins,2020-04-17,55
O’Higgins,2020-04-18,55
O’Higgins,2020-04-19,55
O’Higgins,2020-04-20,56
O’Higgins,2020-04-21,57
O’Higgins,2020-04-22,59
O’Higgins,2020-04-23,76
O’Higgins,2020-04-24,81
O’Higgins,2020-04-25,85
O’Higgins,2020-04-26,92
Maule,2020-03-03,1
Maule,2020-03-04,2
Maule,2020-03-05,2
Maule,2020-03-06,2
Maule,2020-03-07,2
Maule,2020-03-08,3
Maule,2020-03-09,4
Maule,2020-03-10,5
Maule,2020-03-11,7
Maule,2020-03-12,7
Maule,2020-03-13,8
Maule,2020-03-14,9
Maule,2020-03-15,9
Maule,2020-03-16,9
Maule,2020-03-17,9
Maule,2020-03-18,11
Maule,2020-03-19,14
Maule,2020-03-20,14
Maule,2020-03-21,15
Maule,2020-03-22,25
Maule,2020-03-23,28
Maule,2020-03-24,29
Maule,2020-03-25,30
Maule,2020-03-26,31
Maule,2020-03-27,32
Maule,2020-03-28,37
Maule,2020-03-29,42
Maule,2020-03-30,54
Maule,2020-03-31,62
Maule,2020-04-01,71
Maule,2020-04-02,82
Maule,2020-04-03,89
Maule,2020-04-04,97
Maule,2020-04-05,103
Maule,2020-04-06,108
Maule,2020-04-07,108
Maule,2020-04-08,119
Maule,2020-04-09,128
Maule,2020-04-10,131
Maule,2020-04-11,134
Maule,2020-04-12,138
Maule,2020-04-13,141
Maule,2020-04-14,142
Maule,2020-04-15,152
Maule,2020-04-16,167
Maule,2020-04-17,223
Maule,2020-04-18,276
Maule,2020-04-19,302
Maule,2020-04-20,304
Maule,2020-04-21,316
Maule,2020-04-22,328
Maule,2020-04-23,333
Maule,2020-04-24,349
Maule,2020-04-25,350
Maule,2020-04-26,354
Ñuble,2020-03-03,0
Ñuble,2020-03-04,0
Ñuble,2020-03-05,0
Ñuble,2020-03-06,0
Ñuble,2020-03-07,0
Ñuble,2020-03-08,0
Ñuble,2020-03-09,0
Ñuble,2020-03-10,0
Ñuble,2020-03-11,0
Ñuble,2020-03-12,1
Ñuble,2020-03-13,2
Ñuble,2020-03-14,4
Ñuble,2020-03-15,4
Ñuble,2020-03-16,12
Ñuble,2020-03-17,26
Ñuble,2020-03-18,26
Ñuble,2020-03-19,28
Ñuble,2020-03-20,44
Ñuble,2020-03-21,58
Ñuble,2020-03-22,64
Ñuble,2020-03-23,81
Ñuble,2020-03-24,105
Ñuble,2020-03-25,111
Ñuble,2020-03-26,114
Ñuble,2020-03-27,144
Ñuble,2020-03-28,172
Ñuble,2020-03-29,197
Ñuble,2020-03-30,229
Ñuble,2020-03-31,245
Ñuble,2020-04-01,259
Ñuble,2020-04-02,341
Ñuble,2020-04-03,370
Ñuble,2020-04-04,401
Ñuble,2020-04-05,425
Ñuble,2020-04-06,474
Ñuble,2020-04-07,522
Ñuble,2020-04-08,561
Ñuble,2020-04-09,571
Ñuble,2020-04-10,589
Ñuble,2020-04-11,606
Ñuble,2020-04-12,613
Ñuble,2020-04-13,618
Ñuble,2020-04-14,622
Ñuble,2020-04-15,634
Ñuble,2020-04-16,639
Ñuble,2020-04-17,656
Ñuble,2020-04-18,667
Ñuble,2020-04-19,678
Ñuble,2020-04-20,687
Ñuble,2020-04-21,694
Ñuble,2020-04-22,703
Ñuble,2020-04-23,708
Ñuble,2020-04-24,715
Ñuble,2020-04-25,725
Ñuble,2020-04-26,731
Biobío,2020-03-03,0
Biobío,2020-03-04,0
Biobío,2020-03-05,0
Biobío,2020-03-06,0
Biobío,2020-03-07,0
Biobío,2020-03-08,0
Biobío,2020-03-09,1
Biobío,2020-03-10,1
Biobío,2020-03-11,1
Biobío,2020-03-12,1
Biobío,2020-03-13,3
Biobío,2020-03-14,3
Biobío,2020-03-15,3
Biobío,2020-03-16,4
Biobío,2020-03-17,4
Biobío,2020-03-18,7
Biobío,2020-03-19,14
Biobío,2020-03-20,19
Biobío,2020-03-21,30
Biobío,2020-03-22,35
Biobío,2020-03-23,46
Biobío,2020-03-24,73
Biobío,2020-03-25,95
Biobío,2020-03-26,109
Biobío,2020-03-27,135
Biobío,2020-03-28,151
Biobío,2020-03-29,185
Biobío,2020-03-30,201
Biobío,2020-03-31,216
Biobío,2020-04-01,240
Biobío,2020-04-02,275
Biobío,2020-04-03,302
Biobío,2020-04-04,347
Biobío,2020-04-05,365
Biobío,2020-04-06,383
Biobío,2020-04-07,410
Biobío,2020-04-08,439
Biobío,2020-04-09,460
Biobío,2020-04-10,474
Biobío,2020-04-11,490
Biobío,2020-04-12,500
Biobío,2020-04-13,512
Biobío,2020-04-14,528
Biobío,2020-04-15,542
Biobío,2020-04-16,559
Biobío,2020-04-17,578
Biobío,2020-04-18,606
Biobío,2020-04-19,616
Biobío,2020-04-20,626
Biobío,2020-04-21,636
Biobío,2020-04-22,658
Biobío,2020-04-23,675
Biobío,2020-04-24,683
Biobío,2020-04-25,696
Biobío,2020-04-26,703
Araucanía,2020-03-03,0
Araucanía,2020-03-04,0
Araucanía,2020-03-05,0
Araucanía,2020-03-06,0
Araucanía,2020-03-07,0
Araucanía,2020-03-08,0
Araucanía,2020-03-09,0
Araucanía,2020-03-10,0
Araucanía,2020-03-11,0
Araucanía,2020-03-12,0
Araucanía,2020-03-13,0
Araucanía,2020-03-14,0
Araucanía,2020-03-15,0
Araucanía,2020-03-16,1
Araucanía,2020-03-17,1
Araucanía,2020-03-18,4
Araucanía,2020-03-19,7
Araucanía,2020-03-20,9
Araucanía,2020-03-21,15
Araucanía,2020-03-22,27
Araucanía,2020-03-23,40
Araucanía,2020-03-24,59
Araucanía,2020-03-25,74
Araucanía,2020-03-26,111
Araucanía,2020-03-27,143
Araucanía,2020-03-28,177
Araucanía,2020-03-29,205
Araucanía,2020-03-30,247
Araucanía,2020-03-31,302
Araucanía,2020-04-01,343
Araucanía,2020-04-02,389
Araucanía,2020-04-03,432
Araucanía,2020-04-04,477
Araucanía,2020-04-05,509
Araucanía,2020-04-06,562
Araucanía,2020-04-07,612
Araucanía,2020-04-08,669
Araucanía,2020-04-09,689
Araucanía,2020-04-10,712
Araucanía,2020-04-11,739
Araucanía,2020-04-12,775
Araucanía,2020-04-13,795
Araucanía,2020-04-14,816
Araucanía,2020-04-15,826
Araucanía,2020-04-16,882
Araucanía,2020-04-17,907
Araucanía,2020-04-18,944
Araucanía,2020-04-19,972
Araucanía,2020-04-20,1045
Araucanía,2020-04-21,1092
Araucanía,2020-04-22,1113
Araucanía,2020-04-23,1142
Araucanía,2020-04-24,1184
Araucanía,2020-04-25,1203
Araucanía,2020-04-26,1216
Los Ríos,2020-03-03,0
Los Ríos,2020-03-04,0
Los Ríos,2020-03-05,0
Los Ríos,2020-03-06,0
Los Ríos,2020-03-07,0
Los Ríos,2020-03-08,0
Los Ríos,2020-03-09,0
Los Ríos,2020-03-10,0
Los Ríos,2020-03-11,0
Los Ríos,2020-03-12,0
Los Ríos,2020-03-13,0
Los Ríos,2020-03-14,0
Los Ríos,2020-03-15,0
Los Ríos,2020-03-16,1
Los Ríos,2020-03-17,1
Los Ríos,2020-03-18,1
Los Ríos,2020-03-19,1
Los Ríos,2020-03-20,1
Los Ríos,2020-03-21,1
Los Ríos,2020-03-22,1
Los Ríos,2020-03-23,4
Los Ríos,2020-03-24,6
Los Ríos,2020-03-25,11
Los Ríos,2020-03-26,14
Los Ríos,2020-03-27,22
Los Ríos,2020-03-28,27
Los Ríos,2020-03-29,40
Los Ríos,2020-03-30,47
Los Ríos,2020-03-31,58
Los Ríos,2020-04-01,64
Los Ríos,2020-04-02,68
Los Ríos,2020-04-03,78
Los Ríos,2020-04-04,89
Los Ríos,2020-04-05,99
Los Ríos,2020-04-06,104
Los Ríos,2020-04-07,109
Los Ríos,2020-04-08,114
Los Ríos,2020-04-09,118
Los Ríos,2020-04-10,124
Los Ríos,2020-04-11,130
Los Ríos,2020-04-12,135
Los Ríos,2020-04-13,138
Los Ríos,2020-04-14,148
Los Ríos,2020-04-15,150
Los Ríos,2020-04-16,153
Los Ríos,2020-04-17,154
Los Ríos,2020-04-18,156
Los Ríos,2020-04-19,157
Los Ríos,2020-04-20,162
Los Ríos,2020-04-21,167
Los Ríos,2020-04-22,171
Los Ríos,2020-04-23,173
Los Ríos,2020-04-24,174
Los Ríos,2020-04-25,177
Los Ríos,2020-04-26,178
Los Lagos,2020-03-03,0
Los Lagos,2020-03-04,0
Los Lagos,2020-03-05,0
Los Lagos,2020-03-06,0
Los Lagos,2020-03-07,1
Los Lagos,2020-03-08,1
Los Lagos,2020-03-09,1
Los Lagos,2020-03-10,1
Los Lagos,2020-03-11,1
Los Lagos,2020-03-12,1
Los Lagos,2020-03-13,1
Los Lagos,2020-03-14,1
Los Lagos,2020-03-15,1
Los Lagos,2020-03-16,1
Los Lagos,2020-03-17,1
Los Lagos,2020-03-18,8
Los Lagos,2020-03-19,16
Los Lagos,2020-03-20,18
Los Lagos,2020-03-21,20
Los Lagos,2020-03-22,23
Los Lagos,2020-03-23,33
Los Lagos,2020-03-24,36
Los Lagos,2020-03-25,44
Los Lagos,2020-03-26,60
Los Lagos,2020-03-27,63
Los Lagos,2020-03-28,93
Los Lagos,2020-03-29,104
Los Lagos,2020-03-30,128
Los Lagos,2020-03-31,151
Los Lagos,2020-04-01,181
Los Lagos,2020-04-02,203
Los Lagos,2020-04-03,234
Los Lagos,2020-04-04,259
Los Lagos,2020-04-05,276
Los Lagos,2020-04-06,286
Los Lagos,2020-04-07,299
Los Lagos,2020-04-08,325
Los Lagos,2020-04-09,340
Los Lagos,2020-04-10,349
Los Lagos,2020-04-11,364
Los Lagos,2020-04-12,372
Los Lagos,2020-04-13,380
Los Lagos,2020-04-14,385
Los Lagos,2020-04-15,390
Los Lagos,2020-04-16,399
Los Lagos,2020-04-17,412
Los Lagos,2020-04-18,416
Los Lagos,2020-04-19,421
Los Lagos,2020-04-20,424
Los Lagos,2020-04-21,432
Los Lagos,2020-04-22,445
Los Lagos,2020-04-23,454
Los Lagos,2020-04-24,460
Los Lagos,2020-04-25,465
Los Lagos,2020-04-26,473
Aysén,2020-03-03,0
Aysén,2020-03-04,0
Aysén,2020-03-05,0
Aysén,2020-03-06,0
Aysén,2020-03-07,0
Aysén,2020-03-08,0
Aysén,2020-03-09,0
Aysén,2020-03-10,0
Aysén,2020-03-11,0
Aysén,2020-03-12,0
Aysén,2020-03-13,0
Aysén,2020-03-14,1
Aysén,2020-03-15,1
Aysén,2020-03-16,1
Aysén,2020-03-17,1
Aysén,2020-03-18,1
Aysén,2020-03-19,1
Aysén,2020-03-20,1
Aysén,2020-03-21,1
Aysén,2020-03-22,1
Aysén,2020-03-23,1
Aysén,2020-03-24,1
Aysén,2020-03-25,1
Aysén,2020-03-26,2
Aysén,2020-03-27,2
Aysén,2020-03-28,2
Aysén,2020-03-29,2
Aysén,2020-03-30,2
Aysén,2020-03-31,2
Aysén,2020-04-01,3
Aysén,2020-04-02,5
Aysén,2020-04-03,6
Aysén,2020-04-04,6
Aysén,2020-04-05,7
Aysén,2020-04-06,7
Aysén,2020-04-07,7
Aysén,2020-04-08,7
Aysén,2020-04-09,7
Aysén,2020-04-10,7
Aysén,2020-04-11,7
Aysén,2020-04-12,7
Aysén,2020-04-13,7
Aysén,2020-04-14,7
Aysén,2020-04-15,7
Aysén,2020-04-16,7
Aysén,2020-04-17,7
Aysén,2020-04-18,7
Aysén,2020-04-19,7
Aysén,2020-04-20,7
Aysén,2020-04-21,7
Aysén,2020-04-22,7
Aysén,2020-04-23,7
Aysén,2020-04-24,7
Aysén,2020-04-25,7
Aysén,2020-04-26,7
Magallanes,2020-03-03,0
Magallanes,2020-03-04,0
Magallanes,2020-03-05,0
Magallanes,2020-03-06,0
Magallanes,2020-03-07,0
Magallanes,2020-03-08,0
Magallanes,2020-03-09,0
Magallanes,2020-03-10,0
Magallanes,2020-03-11,0
Magallanes,2020-03-12,0
Magallanes,2020-03-13,0
Magallanes,2020-03-14,0
Magallanes,2020-03-15,0
Magallanes,2020-03-16,0
Magallanes,2020-03-17,2
Magallanes,2020-03-18,2
Magallanes,2020-03-19,2
Magallanes,2020-03-20,2
Magallanes,2020-03-21,3
Magallanes,2020-03-22,4
Magallanes,2020-03-23,6
Magallanes,2020-03-24,8
Magallanes,2020-03-25,13
Magallanes,2020-03-26,19
Magallanes,2020-03-27,22
Magallanes,2020-03-28,26
Magallanes,2020-03-29,39
Magallanes,2020-03-30,39
Magallanes,2020-03-31,63
Magallanes,2020-04-01,99
Magallanes,2020-04-02,114
Magallanes,2020-04-03,156
Magallanes,2020-04-04,172
Magallanes,2020-04-05,190
Magallanes,2020-04-06,221
Magallanes,2020-04-07,240
Magallanes,2020-04-08,266
Magallanes,2020-04-09,286
Magallanes,2020-04-10,331
Magallanes,2020-04-11,377
Magallanes,2020-04-12,396
Magallanes,2020-04-13,415
Magallanes,2020-04-14,429
Magallanes,2020-04-15,444
Magallanes,2020-04-16,467
Magallanes,2020-04-17,501
Magallanes,2020-04-18,522
Magallanes,2020-04-19,553
Magallanes,2020-04-20,566
Magallanes,2020-04-21,593
Magallanes,2020-04-22,605
Magallanes,2020-04-23,615
Magallanes,2020-04-24,624
Magallanes,2020-04-25,655
Magallanes,2020-04-26,668
Total,2020-03-03,1
Total,2020-03-04,3
Total,2020-03-05,4
Total,2020-03-06,5
Total,2020-03-07,7
Total,2020-03-08,10
Total,2020-03-09,15
Total,2020-03-10,17
Total,2020-03-11,23
Total,2020-03-12,33
Total,2020-03-13,43
Total,2020-03-14,61
Total,2020-03-15,75
Total,2020-03-16,156
Total,2020-03-17,201
Total,2020-03-18,238
Total,2020-03-19,342
Total,2020-03-20,434
Total,2020-03-21,537
Total,2020-03-22,632
Total,2020-03-23,746
Total,2020-03-24,922
Total,2020-03-25,1142
Total,2020-03-26,1306
Total,2020-03-27,1610
Total,2020-03-28,1909
Total,2020-03-29,2139
Total,2020-03-30,2449
Total,2020-03-31,2738
Total,2020-04-01,3031
Total,2020-04-02,3404
Total,2020-04-03,3737
Total,2020-04-04,4161
Total,2020-04-05,4471
Total,2020-04-06,4815
Total,2020-04-07,5116
Total,2020-04-08,5546
Total,2020-04-09,5972
Total,2020-04-10,6501
Total,2020-04-11,6927
Total,2020-04-12,7213
Total,2020-04-13,7525
Total,2020-04-14,7917
Total,2020-04-15,8273
Total,2020-04-16,8807
Total,2020-04-17,9252
Total,2020-04-18,9730
Total,2020-04-19,10088
Total,2020-04-20,10507
Total,2020-04-21,10832
Total,2020-04-22,11296
Total,2020-04-23,11812
Total,2020-04-24,12306
Total,2020-04-25,12858
Total,2020-04-26,13331
